time,lat,lon,elevation,accuracy,bearing,speed,satellites,provider,hdop,vdop,pdop,geoidheight,ageofdgpsdata,dgpsid,activity,battery,annotation
2018-05-31T12:09:03.988Z,43.225564,76.952876,882.0,36.407997,8.3,1.13,0,gps,,,,,,,,51,
2018-05-31T12:09:04.401Z,43.225485,76.952647,893.0,15.17,331.1,1.43,0,gps,,,,,,,,51,
2018-05-31T12:09:06.403Z,43.225482,76.952642,893.0,13.653,345.3,0.96,8,gps,,,,-43.0,,,,51,
2018-05-31T12:09:07.405Z,43.225504,76.952626,898.0,15.17,333.4,1.09,14,gps,0.7,1.2,1.4,-43.0,,,,51,
2018-05-31T12:09:10.000Z,43.225581,76.952705,903.0,12.136,351.5,0.92,16,gps,0.8,0.8,1.1,-43.0,,,,51,
2018-05-31T12:09:11.000Z,43.225599,76.952684,904.0,10.6189995,348.0,1.2,13,gps,0.8,0.8,1.1,-43.0,,,,51,
2018-05-31T12:09:12.000Z,43.225613,76.952670,904.0,9.101999,348.1,1.38,13,gps,,,,-43.0,,,,51,
2018-05-31T12:09:14.000Z,43.225633,76.952670,902.0,7.585,359.0,1.21,13,gps,0.8,0.8,1.1,-43.0,,,,51,
2018-05-31T12:09:16.000Z,43.225659,76.952673,901.0,7.585,359.0,1.42,13,gps,0.8,0.8,1.1,-43.0,,,,51,
2018-05-31T12:09:17.000Z,43.225666,76.952670,900.0,6.068,0.1,0.96,13,gps,0.8,0.8,1.1,-43.0,,,,51,
2018-05-31T12:09:18.000Z,43.225670,76.952668,898.0,6.068,359.6,0.93,12,gps,0.9,0.8,1.2,-43.0,,,,51,
2018-05-31T12:09:34.000Z,43.225755,76.952596,901.0,30.34,,0.0,0,gps,0.9,0.8,1.2,-43.0,,,,51,
2018-05-31T12:09:36.000Z,43.225766,76.952538,893.0,9.101999,325.1,1.01,11,gps,0.9,0.9,1.3,-43.0,,,,51,
2018-05-31T12:09:37.000Z,43.225794,76.952535,894.0,7.585,333.6,1.01,11,gps,0.9,0.9,1.3,-43.0,,,,51,
2018-05-31T12:09:39.000Z,43.225819,76.952504,893.0,6.068,298.8,1.18,12,gps,0.9,0.8,1.2,-43.0,,,,51,
2018-05-31T12:09:40.000Z,43.225822,76.952482,892.0,6.068,299.2,0.94,12,gps,0.8,0.8,1.1,-43.0,,,,51,
2018-05-31T12:09:42.000Z,43.225834,76.952458,891.0,4.5509996,299.0,1.03,16,gps,0.7,0.7,1.0,-43.0,,,,50,
2018-05-31T12:09:44.000Z,43.225849,76.952430,891.0,4.5509996,299.1,0.82,17,gps,0.6,0.7,0.9,-43.0,,,,50,
2018-05-31T12:09:46.000Z,43.225866,76.952391,891.0,4.5509996,318.6,1.76,17,gps,0.6,0.7,0.9,-43.0,,,,50,
2018-05-31T12:09:58.970Z,43.225901,76.952148,896.0,25.789,327.0,0.98,17,gps,0.6,0.7,0.9,-43.0,,,,50,
2018-05-31T12:10:01.000Z,43.225992,76.952275,896.0,10.6189995,341.0,1.4,6,gps,0.8,0.8,1.2,-43.0,,,,50,
2018-05-31T12:10:03.000Z,43.226001,76.952259,897.0,7.585,290.7,0.92,13,gps,0.8,0.8,1.1,-43.0,,,,50,
2018-05-31T12:10:04.000Z,43.226001,76.952237,898.0,7.585,334.2,1.0,13,gps,0.8,0.8,1.1,-43.0,,,,50,
2018-05-31T12:10:06.000Z,43.226018,76.952200,900.0,7.585,303.9,1.2,14,gps,0.7,0.7,1.0,-43.0,,,,50,
2018-05-31T12:10:07.000Z,43.226027,76.952185,896.0,7.585,303.9,1.04,14,gps,0.8,0.8,1.1,-43.0,,,,50,
2018-05-31T12:10:09.000Z,43.226048,76.952165,896.0,7.585,303.9,1.23,13,gps,0.8,0.8,1.1,-43.0,,,,50,
2018-05-31T12:10:11.000Z,43.226059,76.952151,899.0,6.068,319.5,0.89,13,gps,0.8,,,-43.0,,,,50,
2018-05-31T12:10:13.000Z,43.226076,76.952122,899.0,6.068,313.7,1.27,13,gps,0.9,0.8,1.1,-43.0,,,,50,
2018-05-31T12:10:15.000Z,43.226088,76.952085,900.0,6.068,313.3,0.95,12,gps,0.9,0.8,1.2,-43.0,,,,50,
2018-05-31T12:10:17.000Z,43.226089,76.952045,900.0,6.068,311.2,1.13,12,gps,0.7,0.7,1.0,-43.0,,,,50,
2018-05-31T12:35:28.000Z,43.242463,76.948590,845.0,22.755,,0.0,15,gps,0.7,0.8,1.1,-43.0,,,,48,
2018-05-31T12:35:30.000Z,43.242450,76.948595,844.0,12.136,,0.0,14,gps,0.7,0.8,1.1,-43.0,,,,48,
2018-05-31T12:35:31.000Z,43.242448,76.948591,844.0,12.136,,0.0,14,gps,0.7,,,-43.0,,,,48,
2018-05-31T12:35:33.000Z,43.242448,76.948581,842.0,12.136,,0.0,16,gps,0.7,0.7,1.0,-43.0,,,,48,
2018-05-31T12:35:35.000Z,43.242452,76.948574,837.0,10.6189995,,0.0,16,gps,0.7,0.7,1.0,-43.0,,,,48,
2018-05-31T12:35:37.000Z,43.242460,76.948571,836.0,9.101999,,0.0,16,gps,0.7,0.7,1.0,-43.0,,,,48,
2018-05-31T12:35:39.000Z,43.242461,76.948573,837.0,6.068,,0.0,16,gps,0.7,0.7,1.0,-43.0,,,,48,
2018-05-31T12:35:41.000Z,43.242462,76.948573,837.0,6.068,,0.0,17,gps,0.7,0.7,1.0,-43.0,,,,48,
2018-05-31T12:35:43.000Z,43.242452,76.948569,836.0,6.068,228.7,0.25,17,gps,,,,-43.0,,,,48,
2018-05-31T12:35:45.000Z,43.242426,76.948572,835.0,6.068,,0.0,17,gps,0.7,0.7,1.0,-43.0,,,,48,
2018-05-31T12:35:46.000Z,43.242422,76.948578,835.0,6.068,40.0,0.22,17,gps,0.7,0.7,1.0,-43.0,,,,48,
2018-05-31T12:35:48.000Z,43.242414,76.948572,833.0,6.068,,0.0,17,gps,0.7,0.7,1.0,-43.0,,,,48,
2018-05-31T12:35:50.000Z,43.242403,76.948582,834.0,6.068,,0.0,17,gps,0.7,0.7,1.0,-43.0,,,,47,
2018-05-31T12:35:52.000Z,43.242394,76.948582,833.0,4.5509996,,0.0,16,gps,0.7,0.7,1.0,-43.0,,,,47,
2018-05-31T12:35:54.000Z,43.242386,76.948585,831.0,4.5509996,,0.0,16,gps,0.7,0.7,1.0,-43.0,,,,47,
2018-05-31T12:35:56.000Z,43.242389,76.948591,831.0,4.5509996,,0.0,15,gps,0.7,0.7,1.0,-43.0,,,,47,
2018-05-31T12:35:57.000Z,43.242389,76.948590,831.0,4.5509996,,0.0,15,gps,0.7,,,-43.0,,,,47,
2018-05-31T12:35:59.000Z,43.242389,76.948589,831.0,4.5509996,,0.0,14,gps,0.9,0.8,1.2,-43.0,,,,47,
2018-05-31T12:36:01.000Z,43.242389,76.948588,831.0,4.5509996,,0.0,15,gps,0.7,0.7,1.0,-43.0,,,,47,
2018-05-31T12:36:02.000Z,43.242389,76.948588,831.0,4.5509996,,0.0,16,gps,0.7,0.7,1.0,-43.0,,,,47,
2018-05-31T12:36:04.000Z,43.242389,76.948588,831.0,4.5509996,,0.0,15,gps,0.7,0.7,1.0,-43.0,,,,47,
2018-05-31T12:36:06.000Z,43.242389,76.948588,831.0,4.5509996,,0.0,15,gps,0.7,0.7,1.0,-43.0,,,,47,
2018-05-31T12:36:08.000Z,43.242389,76.948588,831.0,4.5509996,,0.0,15,gps,0.7,0.7,1.0,-43.0,,,,47,
2018-05-31T12:36:10.000Z,43.242389,76.948588,830.0,4.5509996,,0.0,15,gps,0.7,0.7,1.0,-43.0,,,,47,
2018-05-31T12:36:12.000Z,43.242389,76.948588,830.0,4.5509996,,0.0,15,gps,0.8,0.8,1.1,-43.0,,,,47,
2018-05-31T12:36:14.000Z,43.242389,76.948588,830.0,4.5509996,,0.0,14,gps,0.7,0.8,1.1,-43.0,,,,47,
2018-05-31T12:36:16.000Z,43.242389,76.948588,830.0,4.5509996,,0.0,14,gps,0.7,0.7,1.0,-43.0,,,,47,
2018-05-31T12:36:18.000Z,43.242389,76.948588,830.0,4.5509996,,0.0,16,gps,0.7,0.7,1.0,-43.0,,,,47,
2018-05-31T12:36:20.000Z,43.242389,76.948588,830.0,4.5509996,,0.0,16,gps,0.7,0.7,1.0,-43.0,,,,47,
2018-05-31T12:36:22.000Z,43.242398,76.948584,829.0,4.5509996,346.1,0.66,16,gps,0.7,0.7,1.0,-43.0,,,,47,
2018-05-31T12:37:28.000Z,43.243215,76.948279,817.0,22.755,297.8,0.45,0,gps,0.7,0.7,1.0,-43.0,,,,47,
2018-05-31T12:37:30.000Z,43.243223,76.948306,817.0,12.136,340.2,0.92,8,gps,1.0,0.8,1.3,-43.0,,,,47,
2018-05-31T12:37:32.000Z,43.243243,76.948385,817.0,9.101999,19.6,1.38,11,gps,1.0,0.8,1.3,-43.0,,,,47,
2018-05-31T12:37:34.000Z,43.243249,76.948351,816.0,7.585,349.7,1.3,11,gps,1.0,0.8,1.3,-43.0,,,,47,
2018-05-31T12:37:36.000Z,43.243266,76.948354,816.0,7.585,359.5,0.91,10,gps,1.1,0.9,1.4,-43.0,,,,47,
2018-05-31T12:37:38.000Z,43.243280,76.948342,813.0,6.068,340.0,0.69,11,gps,1.0,0.8,1.3,-43.0,,,,47,
2018-05-31T12:37:40.000Z,43.243293,76.948322,813.0,7.585,3.4,0.98,11,gps,1.0,0.9,1.3,-43.0,,,,47,
2018-05-31T12:37:42.000Z,43.243330,76.948381,816.0,7.585,59.5,1.32,11,gps,1.0,0.9,1.3,-43.0,,,,47,
2018-05-31T12:37:44.000Z,43.243351,76.948427,815.0,7.585,66.6,1.93,11,gps,1.0,0.9,1.3,-43.0,,,,47,
2018-05-31T12:37:45.000Z,43.243357,76.948417,815.0,7.585,32.3,1.03,11,gps,1.0,0.9,1.3,-43.0,,,,47,
2018-05-31T12:37:47.000Z,43.243375,76.948425,813.0,7.585,41.1,1.27,11,gps,1.0,0.9,1.3,-43.0,,,,47,
2018-05-31T12:37:49.000Z,43.243376,76.948372,813.0,9.101999,,0.0,11,gps,1.0,0.9,1.3,-43.0,,,,47,
2018-05-31T12:37:51.000Z,43.243391,76.948391,813.0,9.101999,61.5,1.22,14,gps,0.7,0.8,1.1,-43.0,,,,47,
2018-05-31T12:37:53.000Z,43.243401,76.948403,813.0,7.585,10.6,0.32,14,gps,0.7,0.8,1.1,-43.0,,,,47,
2018-05-31T12:37:55.000Z,43.243423,76.948386,812.0,4.5509996,351.8,1.08,15,gps,0.7,0.7,1.0,-43.0,,,,47,
2018-05-31T12:37:57.000Z,43.243440,76.948373,811.0,4.5509996,351.6,0.82,14,gps,0.7,0.8,1.1,-43.0,,,,47,
2018-05-31T12:37:59.000Z,43.243452,76.948372,810.0,4.5509996,351.8,0.64,15,gps,0.7,0.7,1.0,-43.0,,,,47,
2018-05-31T12:38:01.000Z,43.243474,76.948372,809.0,4.5509996,0.4,0.7,15,gps,0.7,0.7,1.0,-43.0,,,,47,
2018-05-31T12:38:02.000Z,43.243489,76.948367,811.0,4.5509996,359.8,1.09,15,gps,0.7,0.7,1.0,-43.0,,,,47,
2018-05-31T12:38:04.000Z,43.243506,76.948363,809.0,4.5509996,353.2,0.96,15,gps,0.7,0.7,1.0,-43.0,,,,47,
2018-05-31T12:38:06.000Z,43.243536,76.948360,810.0,4.5509996,358.0,1.01,14,gps,0.7,0.8,1.1,-43.0,,,,47,
2018-05-31T12:38:08.000Z,43.243552,76.948353,808.0,4.5509996,357.9,0.6,14,gps,0.7,0.8,1.1,-43.0,,,,47,
2018-05-31T12:38:10.000Z,43.243568,76.948352,808.0,4.5509996,3.1,0.27,14,gps,0.7,0.8,1.1,-43.0,,,,47,
2018-05-31T12:38:12.000Z,43.243586,76.948352,806.0,4.5509996,3.2,0.74,15,gps,0.7,0.7,1.0,-43.0,,,,47,
2018-05-31T12:38:14.000Z,43.243597,76.948357,806.0,4.5509996,3.2,0.69,15,gps,,,,-43.0,,,,47,
2018-05-31T12:38:16.000Z,43.243618,76.948355,806.0,4.5509996,3.2,0.68,15,gps,0.7,0.7,1.0,-43.0,,,,47,
2018-05-31T12:38:18.000Z,43.243637,76.948340,806.0,4.5509996,3.1,0.72,14,gps,0.7,0.7,1.0,-43.0,,,,47,
2018-05-31T12:38:20.000Z,43.243651,76.948347,802.0,6.068,354.5,0.39,15,gps,0.7,0.7,1.0,-43.0,,,,47,
2018-05-31T12:38:22.000Z,43.243674,76.948339,803.0,6.068,354.4,0.58,15,gps,0.7,0.7,1.0,-43.0,,,,47,
2018-05-31T12:38:24.000Z,43.243696,76.948330,804.0,6.068,354.4,0.22,15,gps,0.7,0.7,1.0,-43.0,,,,47,
2018-05-31T12:38:26.000Z,43.243725,76.948318,806.0,6.068,346.4,0.85,14,gps,0.7,0.8,1.1,-43.0,,,,46,
2018-05-31T12:38:28.000Z,43.243757,76.948313,807.0,6.068,346.8,0.87,14,gps,0.7,0.8,1.1,-43.0,,,,46,
2018-05-31T12:38:30.000Z,43.243776,76.948311,807.0,6.068,1.4,0.63,14,gps,0.7,0.8,1.1,-43.0,,,,46,
2018-05-31T12:38:32.000Z,43.243797,76.948308,806.0,6.068,1.4,0.76,14,gps,0.7,0.8,1.1,-43.0,,,,46,
2018-05-31T12:38:34.000Z,43.243817,76.948305,805.0,6.068,351.8,0.69,14,gps,0.7,0.8,1.1,-43.0,,,,46,
2018-05-31T12:38:36.000Z,43.243836,76.948305,805.0,4.5509996,352.0,0.72,14,gps,0.7,0.8,1.1,-43.0,,,,46,
2018-05-31T12:38:37.000Z,43.243846,76.948305,804.0,4.5509996,356.3,0.93,14,gps,0.7,0.8,1.1,-43.0,,,,46,
2018-05-31T12:38:39.000Z,43.243869,76.948302,803.0,4.5509996,356.9,0.92,14,gps,0.7,0.8,1.1,-43.0,,,,46,
2018-05-31T12:38:41.000Z,43.243891,76.948299,804.0,4.5509996,356.8,1.12,14,gps,0.7,0.8,1.1,-43.0,,,,46,
2018-05-31T12:42:16.000Z,43.246063,76.948109,775.0,21.237999,4.2,0.94,0,gps,0.7,0.8,1.1,-43.0,,,,46,
2018-05-31T12:42:18.000Z,43.246099,76.948110,784.0,13.653,6.3,1.81,10,gps,1.0,0.9,1.3,-43.0,,,,46,
2018-05-31T12:42:20.000Z,43.246103,76.948099,796.0,12.136,345.0,0.88,10,gps,1.0,0.9,1.3,-43.0,,,,46,
2018-05-31T12:42:21.000Z,43.246096,76.948076,797.0,13.653,,0.0,10,gps,1.0,0.9,1.3,-43.0,,,,46,
2018-05-31T12:42:23.000Z,43.246110,76.948061,802.0,9.101999,17.7,1.05,10,gps,1.0,0.9,1.3,-43.0,,,,46,
2018-05-31T12:42:25.000Z,43.246122,76.948033,807.0,7.585,8.1,0.84,10,gps,1.0,0.9,1.3,-43.0,,,,46,
2018-05-31T12:42:27.000Z,43.246155,76.948042,805.0,6.068,355.6,0.61,10,gps,1.0,0.9,1.3,-43.0,,,,46,
2018-05-31T12:42:29.000Z,43.246167,76.948023,805.0,6.068,0.4,0.89,10,gps,0.8,0.9,1.2,-43.0,,,,46,
2018-05-31T12:42:31.000Z,43.246169,76.948004,806.0,4.5509996,,0.0,14,gps,0.7,0.8,1.1,-43.0,,,,46,
2018-05-31T12:42:33.000Z,43.246182,76.947999,807.0,4.5509996,1.3,0.74,14,gps,0.7,0.8,1.1,-43.0,,,,46,
2018-05-31T12:42:35.000Z,43.246197,76.948002,806.0,6.068,39.9,1.11,14,gps,0.8,0.8,1.1,-43.0,,,,46,
2018-05-31T12:42:37.000Z,43.246209,76.947999,805.0,6.068,17.0,0.98,13,gps,0.8,0.8,1.1,-43.0,,,,46,
2018-05-31T12:42:39.000Z,43.246230,76.947992,804.0,6.068,3.1,1.12,13,gps,0.8,0.8,1.1,-43.0,,,,46,
2018-05-31T12:42:41.000Z,43.246250,76.948015,805.0,6.068,14.4,0.87,13,gps,0.8,0.8,1.1,-43.0,,,,46,
2018-05-31T12:42:43.000Z,43.246265,76.948015,806.0,6.068,0.8,0.95,14,gps,0.7,0.8,1.1,-43.0,,,,46,
2018-05-31T12:42:45.000Z,43.246285,76.948013,806.0,4.5509996,0.2,1.01,14,gps,0.7,0.8,1.1,-43.0,,,,46,
2018-05-31T12:42:47.000Z,43.246303,76.948009,806.0,4.5509996,0.3,0.58,14,gps,0.7,0.8,1.1,-43.0,,,,46,
2018-05-31T12:42:49.000Z,43.246308,76.948006,806.0,4.5509996,,0.0,14,gps,0.7,0.8,1.1,-43.0,,,,46,
2018-05-31T12:42:51.000Z,43.246327,76.948012,807.0,4.5509996,353.1,0.89,14,gps,0.7,0.8,1.1,-43.0,,,,46,
2018-05-31T12:42:53.000Z,43.246332,76.948008,808.0,4.5509996,,0.0,14,gps,0.7,0.8,1.1,-43.0,,,,46,
2018-05-31T12:42:55.000Z,43.246334,76.948005,810.0,4.5509996,,0.0,14,gps,0.7,0.8,1.1,-43.0,,,,46,
2018-05-31T12:42:57.000Z,43.246333,76.948010,811.0,4.5509996,,0.0,14,gps,0.7,0.8,1.1,-43.0,,,,46,
2018-05-31T12:42:59.000Z,43.246330,76.948015,810.0,4.5509996,,0.0,14,gps,0.7,0.8,1.1,-43.0,,,,46,
2018-05-31T12:43:01.000Z,43.246331,76.948028,810.0,4.5509996,353.1,0.69,14,gps,0.7,0.8,1.1,-43.0,,,,46,
2018-05-31T12:43:03.000Z,43.246329,76.948026,810.0,4.5509996,,0.0,14,gps,0.7,0.8,1.1,-43.0,,,,46,
2018-05-31T12:43:05.000Z,43.246336,76.948031,810.0,4.5509996,,0.0,14,gps,0.7,0.8,1.1,-43.0,,,,46,
2018-05-31T12:43:07.000Z,43.246335,76.948031,811.0,4.5509996,,0.0,14,gps,0.7,0.8,1.1,-43.0,,,,46,
2018-05-31T12:43:09.000Z,43.246328,76.948026,810.0,4.5509996,,0.0,14,gps,0.7,0.7,1.0,-43.0,,,,46,
2018-05-31T12:43:11.000Z,43.246332,76.948026,810.0,4.5509996,,0.0,15,gps,0.7,0.7,1.0,-43.0,,,,46,
2018-05-31T12:43:13.000Z,43.246337,76.948025,810.0,4.5509996,,0.0,15,gps,0.7,0.7,1.0,-43.0,,,,46,
2018-05-31T12:43:15.000Z,43.246342,76.948026,810.0,6.068,,0.0,15,gps,0.7,0.8,1.1,-43.0,,,,46,
2018-05-31T12:43:17.000Z,43.246340,76.948024,810.0,6.068,,0.0,14,gps,0.7,0.8,1.1,-43.0,,,,46,
2018-05-31T12:43:19.000Z,43.246340,76.948024,810.0,4.5509996,,0.0,14,gps,0.7,0.8,1.1,-43.0,,,,46,
2018-05-31T12:43:21.000Z,43.246341,76.948024,810.0,4.5509996,,0.0,14,gps,,,,-43.0,,,,46,
2018-05-31T12:43:23.000Z,43.246341,76.948024,810.0,6.068,,0.0,13,gps,0.9,0.8,1.2,-43.0,,,,46,
2018-05-31T12:43:25.000Z,43.246341,76.948024,810.0,6.068,,0.0,13,gps,0.9,0.8,1.2,-43.0,,,,46,
2018-05-31T12:43:27.000Z,43.246341,76.948024,810.0,4.5509996,,0.0,13,gps,0.9,0.8,1.2,-43.0,,,,46,
2018-05-31T12:43:29.000Z,43.246341,76.948024,810.0,4.5509996,,0.0,13,gps,0.9,0.8,1.2,-43.0,,,,46,
2018-05-31T12:43:31.000Z,43.246342,76.948024,810.0,4.5509996,,0.0,13,gps,0.7,0.8,1.1,-43.0,,,,46,
2018-05-31T12:43:33.000Z,43.246342,76.948024,810.0,4.5509996,,0.0,13,gps,0.8,0.8,1.1,-43.0,,,,46,
2018-05-31T12:43:35.000Z,43.246342,76.948024,810.0,6.068,,0.0,14,gps,0.7,0.8,1.1,-43.0,,,,46,
2018-05-31T12:43:37.000Z,43.246342,76.948024,810.0,6.068,,0.0,14,gps,0.7,0.8,1.1,-43.0,,,,46,
2018-05-31T12:43:39.000Z,43.246342,76.948024,810.0,4.5509996,,0.0,14,gps,0.7,0.8,1.1,-43.0,,,,45,
2018-05-31T12:43:41.000Z,43.246371,76.948019,810.0,4.5509996,353.1,1.23,14,gps,0.7,0.8,1.1,-43.0,,,,45,
2018-05-31T12:44:24.000Z,43.246910,76.948115,757.0,31.856998,14.5,1.4,0,gps,0.7,0.8,1.1,-43.0,,,,45,
2018-05-31T12:44:26.000Z,43.246949,76.948061,775.0,10.6189995,2.7,1.34,9,gps,1.0,1.0,1.4,-43.0,,,,45,
2018-05-31T12:44:28.000Z,43.246958,76.948084,777.0,6.068,,0.0,14,gps,0.7,0.8,1.1,-43.0,,,,45,
2018-05-31T12:44:30.000Z,43.246950,76.948071,774.0,6.068,,0.0,14,gps,0.7,0.8,1.1,-43.0,,,,45,
2018-05-31T12:44:32.000Z,43.246933,76.948042,775.0,6.068,,0.0,13,gps,0.8,0.8,1.1,-43.0,,,,45,
2018-05-31T12:44:34.000Z,43.246916,76.948015,776.0,6.068,,0.0,9,gps,1.3,0.9,1.6,-43.0,,,,45,
2018-05-31T12:44:36.000Z,43.246904,76.947993,777.0,6.068,,0.0,9,gps,1.1,0.9,1.4,-43.0,,,,45,
2018-05-31T12:44:38.000Z,43.246900,76.947984,777.0,6.068,,0.0,9,gps,1.1,0.9,1.4,-43.0,,,,45,
2018-05-31T12:44:40.000Z,43.246900,76.947982,777.0,4.5509996,,0.0,9,gps,1.1,0.9,1.4,-43.0,,,,45,
2018-05-31T12:44:41.000Z,43.246894,76.947975,779.0,4.5509996,206.8,0.21,9,gps,1.1,0.9,1.4,-43.0,,,,45,
2018-05-31T12:44:44.000Z,43.246893,76.947967,779.0,4.5509996,,0.0,9,gps,1.0,0.9,1.3,-43.0,,,,45,
2018-05-31T12:44:46.000Z,43.246887,76.947949,779.0,6.068,,0.0,10,gps,1.0,0.9,1.3,-43.0,,,,45,
2018-05-31T12:44:47.000Z,43.246882,76.947942,781.0,6.068,253.4,0.36,10,gps,1.0,0.9,1.3,-43.0,,,,45,
2018-05-31T12:44:49.000Z,43.246873,76.947924,783.0,4.5509996,,0.0,11,gps,0.8,0.9,1.2,-43.0,,,,45,
2018-05-31T12:44:51.000Z,43.246872,76.947925,784.0,4.5509996,,0.0,13,gps,0.8,0.8,1.1,-43.0,,,,45,
2018-05-31T12:44:53.000Z,43.246870,76.947922,785.0,4.5509996,,0.0,13,gps,0.8,0.8,1.1,-43.0,,,,45,
2018-05-31T12:44:55.000Z,43.246863,76.947908,785.0,4.5509996,281.1,0.36,11,gps,0.8,0.8,1.2,-43.0,,,,45,
2018-05-31T12:44:57.000Z,43.246865,76.947910,786.0,4.5509996,19.7,0.26,11,gps,0.8,0.8,1.2,-43.0,,,,45,
2018-05-31T12:44:59.000Z,43.246862,76.947886,788.0,6.068,,0.0,11,gps,0.8,0.8,1.2,-43.0,,,,45,
2018-05-31T12:45:00.000Z,43.246865,76.947880,787.0,6.068,,0.0,11,gps,0.8,0.8,1.2,-43.0,,,,45,
2018-05-31T12:45:01.000Z,43.246869,76.947878,786.0,6.068,,0.0,11,gps,0.8,0.8,1.2,-43.0,,,,45,
2018-05-31T12:45:03.000Z,43.246875,76.947888,786.0,6.068,65.4,0.61,11,gps,0.8,0.8,1.2,-43.0,,,,45,
2018-05-31T12:45:05.000Z,43.246890,76.947900,785.0,6.068,349.7,0.65,12,gps,0.8,0.8,1.1,-43.0,,,,45,
2018-05-31T12:45:07.000Z,43.246905,76.947915,786.0,6.068,6.2,0.82,11,gps,0.9,0.9,1.2,-43.0,,,,45,
2018-05-31T12:45:09.000Z,43.246925,76.947925,786.0,4.5509996,357.7,0.77,11,gps,0.9,0.9,1.2,-43.0,,,,45,
2018-05-31T12:45:11.000Z,43.246943,76.947927,784.0,4.5509996,2.4,0.8,11,gps,0.9,0.9,1.3,-43.0,,,,45,
2018-05-31T12:45:13.000Z,43.246958,76.947928,785.0,4.5509996,359.7,0.9,11,gps,0.9,0.9,1.3,-43.0,,,,45,
2018-05-31T12:45:14.000Z,43.246967,76.947929,786.0,4.5509996,356.5,0.77,11,gps,0.9,0.9,1.3,-43.0,,,,45,
2018-05-31T12:45:16.000Z,43.246987,76.947931,786.0,4.5509996,358.5,0.82,12,gps,0.9,0.9,1.3,-43.0,,,,45,
2018-05-31T12:45:18.000Z,43.247006,76.947919,787.0,4.5509996,350.3,0.69,11,gps,0.9,0.9,1.3,-43.0,,,,45,
2018-05-31T12:45:20.000Z,43.247028,76.947916,789.0,4.5509996,353.8,1.1,11,gps,0.9,0.9,1.3,-43.0,,,,45,
2018-05-31T12:49:14.000Z,43.249781,76.947495,803.0,24.272,,0.0,0,gps,0.9,0.9,1.3,-43.0,,,,45,
2018-05-31T12:49:16.000Z,43.249828,76.947547,801.0,9.101999,4.5,0.54,15,gps,0.7,0.7,1.0,-43.0,,,,45,
2018-05-31T12:49:18.000Z,43.249853,76.947550,795.0,4.5509996,6.1,0.79,15,gps,0.7,0.7,1.0,-43.0,,,,45,
2018-05-31T12:49:20.000Z,43.249869,76.947537,794.0,4.5509996,343.1,0.83,15,gps,0.7,0.7,1.0,-43.0,,,,45,
2018-05-31T12:49:22.000Z,43.249881,76.947538,795.0,4.5509996,343.1,0.3,15,gps,0.7,0.7,1.0,-43.0,,,,45,
2018-05-31T12:49:23.000Z,43.249881,76.947540,794.0,4.5509996,,0.0,15,gps,0.7,0.7,1.0,-43.0,,,,45,
2018-05-31T12:49:25.000Z,43.249881,76.947548,795.0,4.5509996,,0.0,15,gps,0.7,0.7,1.0,-43.0,,,,45,
2018-05-31T12:49:27.000Z,43.249878,76.947544,797.0,4.5509996,343.1,0.2,15,gps,0.7,0.7,1.0,-43.0,,,,45,
2018-05-31T12:49:29.000Z,43.249876,76.947557,796.0,4.5509996,,0.0,15,gps,0.7,0.7,1.0,-43.0,,,,45,
2018-05-31T12:49:31.000Z,43.249879,76.947568,796.0,4.5509996,,0.0,15,gps,0.7,0.7,1.0,-43.0,,,,45,
2018-05-31T12:49:33.000Z,43.249876,76.947562,795.0,4.5509996,,0.0,15,gps,0.7,0.7,1.0,-43.0,,,,45,
2018-05-31T12:49:35.000Z,43.249863,76.947558,795.0,4.5509996,,0.0,15,gps,0.7,0.7,1.0,-43.0,,,,45,
2018-05-31T12:49:36.000Z,43.249858,76.947560,794.0,4.5509996,,0.0,15,gps,0.7,0.7,1.0,-43.0,,,,45,
2018-05-31T12:49:38.000Z,43.249857,76.947557,794.0,4.5509996,,0.0,15,gps,,,,-43.0,,,,45,
2018-05-31T12:49:39.000Z,43.249852,76.947559,793.0,4.5509996,,0.0,15,gps,0.7,0.7,1.0,-43.0,,,,45,
2018-05-31T12:49:41.000Z,43.249856,76.947553,792.0,4.5509996,,0.0,15,gps,0.7,0.7,1.0,-43.0,,,,44,
2018-05-31T12:49:43.000Z,43.249858,76.947546,792.0,4.5509996,,0.0,15,gps,0.8,0.7,1.1,-43.0,,,,44,
2018-05-31T12:49:45.000Z,43.249859,76.947545,791.0,4.5509996,,0.0,14,gps,0.8,0.7,1.1,-43.0,,,,44,
2018-05-31T12:49:47.000Z,43.249858,76.947546,791.0,4.5509996,,0.0,14,gps,0.8,0.7,1.1,-43.0,,,,44,
2018-05-31T12:49:49.000Z,43.249858,76.947546,791.0,4.5509996,,0.0,14,gps,0.8,0.7,1.1,-43.0,,,,44,
2018-05-31T12:49:51.000Z,43.249858,76.947546,791.0,4.5509996,,0.0,14,gps,0.8,0.7,1.1,-43.0,,,,44,
2018-05-31T12:49:53.000Z,43.249858,76.947546,791.0,4.5509996,,0.0,14,gps,0.8,0.7,1.1,-43.0,,,,44,
2018-05-31T12:52:04.000Z,43.251115,76.947130,767.0,25.789,92.3,1.03,0,gps,0.7,0.7,1.0,-43.0,,,,44,
2018-05-31T12:52:05.000Z,43.251135,76.947119,752.0,18.203999,,0.0,0,gps,0.8,0.8,1.2,-43.0,,,,44,
2018-05-31T12:52:07.000Z,43.251144,76.947209,753.0,10.6189995,,0.0,12,gps,0.8,0.8,1.1,-43.0,,,,44,
2018-05-31T12:52:09.000Z,43.251154,76.947264,752.0,7.585,,0.0,13,gps,0.8,0.8,1.1,-43.0,,,,44,
2018-05-31T12:52:11.000Z,43.251151,76.947280,754.0,6.068,,0.0,14,gps,0.8,0.9,1.2,-43.0,,,,44,
2018-05-31T12:52:12.000Z,43.251142,76.947286,755.0,4.5509996,,0.0,12,gps,0.8,0.8,1.1,-43.0,,,,44,
2018-05-31T12:52:14.000Z,43.251142,76.947299,755.0,4.5509996,,0.0,13,gps,0.8,0.8,1.1,-43.0,,,,44,
2018-05-31T12:52:15.000Z,43.251145,76.947298,755.0,4.5509996,,0.0,13,gps,0.7,0.8,1.1,-43.0,,,,44,
2018-05-31T12:52:17.000Z,43.251145,76.947299,755.0,4.5509996,,0.0,13,gps,0.7,0.8,1.1,-43.0,,,,44,
2018-05-31T12:52:19.000Z,43.251145,76.947299,755.0,4.5509996,,0.0,14,gps,0.7,0.8,1.1,-43.0,,,,44,
2018-05-31T12:52:20.000Z,43.251145,76.947299,755.0,4.5509996,,0.0,14,gps,0.7,0.8,1.1,-43.0,,,,44,
2018-05-31T12:52:22.000Z,43.251144,76.947299,755.0,4.5509996,,0.0,14,gps,0.7,0.8,1.1,-43.0,,,,44,
2018-05-31T12:52:24.000Z,43.251144,76.947299,755.0,4.5509996,,0.0,14,gps,0.7,0.8,1.1,-43.0,,,,44,
2018-05-31T12:52:26.000Z,43.251145,76.947299,755.0,4.5509996,,0.0,14,gps,0.7,0.8,1.1,-43.0,,,,44,
2018-05-31T12:52:28.000Z,43.251145,76.947299,755.0,4.5509996,,0.0,15,gps,0.7,0.7,1.0,-43.0,,,,44,
2018-05-31T12:52:30.000Z,43.251145,76.947299,756.0,4.5509996,,0.0,13,gps,0.7,0.8,1.1,-43.0,,,,44,
2018-05-31T12:52:32.000Z,43.251145,76.947299,756.0,4.5509996,,0.0,15,gps,0.7,0.7,1.0,-43.0,,,,44,
2018-05-31T12:52:34.000Z,43.251145,76.947299,756.0,4.5509996,,0.0,14,gps,0.7,0.8,1.1,-43.0,,,,44,
2018-05-31T12:52:36.000Z,43.251145,76.947299,756.0,4.5509996,,0.0,14,gps,0.8,0.8,1.1,-43.0,,,,44,
2018-05-31T12:52:38.000Z,43.251144,76.947299,756.0,4.5509996,,0.0,13,gps,0.7,0.8,1.1,-43.0,,,,44,
2018-05-31T12:52:39.000Z,43.251144,76.947299,756.0,6.068,,0.0,13,gps,0.8,0.8,1.1,-43.0,,,,44,
2018-05-31T12:52:41.000Z,43.251144,76.947298,756.0,6.068,,0.0,13,gps,0.7,0.8,1.1,-43.0,,,,44,
2018-05-31T12:52:43.000Z,43.251143,76.947298,757.0,6.068,,0.0,15,gps,0.7,0.7,1.1,-43.0,,,,44,
2018-05-31T12:52:45.000Z,43.251143,76.947297,757.0,6.068,,0.0,14,gps,0.7,0.7,1.1,-43.0,,,,44,
2018-05-31T12:52:47.000Z,43.251144,76.947297,757.0,7.585,,0.0,14,gps,0.7,0.7,1.1,-43.0,,,,44,
2018-05-31T12:52:49.000Z,43.251144,76.947296,757.0,9.101999,,0.0,14,gps,0.7,0.7,1.1,-43.0,,,,44,
2018-05-31T12:52:50.000Z,43.251145,76.947296,757.0,9.101999,,0.0,13,gps,0.8,0.8,1.1,-43.0,,,,44,
2018-05-31T12:52:52.000Z,43.251145,76.947295,757.0,10.6189995,,0.0,13,gps,0.8,0.8,1.1,-43.0,,,,44,
2018-05-31T12:52:54.000Z,43.251145,76.947295,757.0,10.6189995,,0.0,13,gps,0.8,0.8,1.1,-43.0,,,,44,
2018-05-31T12:52:56.000Z,43.251146,76.947294,757.0,9.101999,,0.0,12,gps,0.8,0.8,1.1,-43.0,,,,44,
2018-05-31T12:52:58.000Z,43.251146,76.947294,757.0,7.585,,0.0,12,gps,0.8,0.8,1.1,-43.0,,,,44,
2018-05-31T12:53:00.000Z,43.251146,76.947294,757.0,6.068,,0.0,13,gps,0.8,0.8,1.1,-43.0,,,,44,
2018-05-31T12:53:02.000Z,43.251146,76.947294,757.0,6.068,,0.0,13,gps,0.8,0.8,1.1,-43.0,,,,44,
2018-05-31T12:53:04.000Z,43.251146,76.947293,757.0,7.585,,0.0,14,gps,0.8,0.7,1.1,-43.0,,,,44,
2018-05-31T12:53:06.000Z,43.251146,76.947293,758.0,6.068,,0.0,13,gps,0.8,0.7,1.1,-43.0,,,,44,
2018-05-31T12:53:08.000Z,43.251146,76.947293,758.0,7.585,,0.0,14,gps,0.8,0.7,1.1,-43.0,,,,44,
2018-05-31T12:53:10.000Z,43.251146,76.947292,758.0,7.585,,0.0,14,gps,0.7,0.7,1.0,-43.0,,,,44,
2018-05-31T12:53:12.000Z,43.251146,76.947292,758.0,7.585,,0.0,15,gps,0.7,0.7,1.0,-43.0,,,,44,
2018-05-31T12:53:14.000Z,43.251146,76.947292,758.0,7.585,,0.0,15,gps,0.7,0.7,1.0,-43.0,,,,44,
2018-05-31T12:53:16.000Z,43.251147,76.947291,758.0,7.585,,0.0,15,gps,0.7,0.8,1.1,-43.0,,,,44,
2018-05-31T12:53:18.000Z,43.251147,76.947291,758.0,9.101999,,0.0,14,gps,,,,-43.0,,,,44,
2018-05-31T12:53:20.000Z,43.251147,76.947290,758.0,7.585,,0.0,15,gps,0.7,0.8,1.1,-43.0,,,,44,
2018-05-31T12:53:22.000Z,43.251146,76.947290,758.0,9.101999,,0.0,14,gps,0.7,0.8,1.1,-43.0,,,,44,
2018-05-31T12:53:24.000Z,43.251146,76.947291,758.0,12.136,,0.0,14,gps,,,,-43.0,,,,44,
2018-05-31T12:53:25.000Z,43.251146,76.947290,758.0,12.136,,0.0,14,gps,0.7,0.8,1.1,-43.0,,,,44,
2018-05-31T12:53:27.000Z,43.251146,76.947290,758.0,12.136,,0.0,14,gps,0.7,0.8,1.1,-43.0,,,,44,
2018-05-31T12:53:29.000Z,43.251145,76.947289,758.0,10.6189995,,0.0,14,gps,0.7,0.7,1.0,-43.0,,,,44,
2018-05-31T12:53:31.000Z,43.251145,76.947289,758.0,10.6189995,,0.0,15,gps,0.7,0.7,1.0,-43.0,,,,44,
2018-05-31T12:53:33.000Z,43.251145,76.947288,758.0,10.6189995,,0.0,15,gps,0.7,0.7,1.0,-43.0,,,,44,
2018-05-31T12:53:35.000Z,43.251145,76.947288,758.0,10.6189995,,0.0,15,gps,0.7,0.7,1.0,-43.0,,,,44,
2018-05-31T12:53:37.000Z,43.251146,76.947288,758.0,12.136,,0.0,15,gps,0.7,0.7,1.0,-43.0,,,,44,
2018-05-31T12:53:39.000Z,43.251146,76.947288,758.0,13.653,,0.0,15,gps,0.7,0.7,1.0,-43.0,,,,44,
2018-05-31T12:53:41.000Z,43.251146,76.947288,758.0,15.17,,0.0,15,gps,0.7,0.7,1.0,-43.0,,,,44,
2018-05-31T12:53:43.000Z,43.251146,76.947288,758.0,15.17,,0.0,15,gps,0.7,0.7,1.0,-43.0,,,,44,
2018-05-31T12:53:45.000Z,43.251146,76.947288,758.0,13.653,,0.0,15,gps,0.7,0.7,1.0,-43.0,,,,44,
2018-05-31T12:53:47.000Z,43.251145,76.947288,758.0,12.136,,0.0,15,gps,0.7,0.8,1.1,-43.0,,,,44,
2018-05-31T12:53:49.000Z,43.251145,76.947288,758.0,12.136,,0.0,14,gps,0.8,0.8,1.1,-43.0,,,,44,
2018-05-31T12:53:51.000Z,43.251145,76.947287,758.0,12.136,,0.0,13,gps,0.8,0.8,1.1,-43.0,,,,44,
2018-05-31T12:53:53.000Z,43.251145,76.947287,758.0,13.653,,0.0,12,gps,0.8,0.8,1.1,-43.0,,,,44,
2018-05-31T12:53:55.000Z,43.251145,76.947287,758.0,13.653,,0.0,12,gps,0.8,0.8,1.1,-43.0,,,,44,
2018-05-31T12:53:57.000Z,43.251145,76.947286,758.0,13.653,,0.0,13,gps,0.8,0.8,1.1,-43.0,,,,44,
2018-05-31T12:53:59.000Z,43.251145,76.947286,758.0,12.136,,0.0,13,gps,0.8,0.8,1.1,-43.0,,,,44,
2018-05-31T12:54:01.000Z,43.251145,76.947286,758.0,12.136,,0.0,13,gps,0.8,0.8,1.1,-43.0,,,,44,
2018-05-31T12:54:03.000Z,43.251145,76.947286,758.0,12.136,,0.0,14,gps,0.7,0.7,1.1,-43.0,,,,43,
2018-05-31T12:54:05.000Z,43.251145,76.947285,758.0,10.6189995,,0.0,14,gps,0.8,0.7,1.1,-43.0,,,,43,
2018-05-31T12:54:07.000Z,43.251145,76.947285,758.0,9.101999,,0.0,13,gps,0.8,0.8,1.1,-43.0,,,,43,
2018-05-31T12:54:09.000Z,43.251145,76.947285,759.0,10.6189995,,0.0,12,gps,0.9,0.9,1.2,-43.0,,,,43,
2018-05-31T12:54:11.000Z,43.251145,76.947285,758.0,9.101999,,0.0,12,gps,0.8,0.8,1.1,-43.0,,,,43,
2018-05-31T12:54:12.000Z,43.251145,76.947285,759.0,9.101999,,0.0,13,gps,0.8,0.8,1.1,-43.0,,,,43,
2018-05-31T12:54:13.000Z,43.251145,76.947285,759.0,9.101999,,0.0,13,gps,,,,-43.0,,,,43,
2018-05-31T12:54:15.000Z,43.251145,76.947285,759.0,9.101999,,0.0,13,gps,0.8,0.8,1.1,-43.0,,,,43,
2018-05-31T12:54:17.000Z,43.251145,76.947285,759.0,7.585,,0.0,13,gps,0.8,0.8,1.1,-43.0,,,,43,
2018-05-31T12:54:19.000Z,43.251145,76.947285,759.0,7.585,,0.0,13,gps,0.8,0.8,1.1,-43.0,,,,43,
2018-05-31T12:54:21.000Z,43.251145,76.947285,759.0,7.585,,0.0,13,gps,0.7,0.7,1.0,-43.0,,,,43,
2018-05-31T12:54:22.000Z,43.251145,76.947285,759.0,6.068,,0.0,14,gps,0.7,0.7,1.0,-43.0,,,,43,
2018-05-31T12:54:24.000Z,43.251145,76.947285,759.0,6.068,,0.0,14,gps,0.7,0.7,1.0,-43.0,,,,43,
2018-05-31T12:54:26.000Z,43.251145,76.947285,759.0,6.068,,0.0,14,gps,0.7,0.7,1.0,-43.0,,,,43,
2018-05-31T12:54:28.000Z,43.251145,76.947285,759.0,6.068,,0.0,13,gps,0.8,0.8,1.1,-43.0,,,,43,
2018-05-31T12:54:30.000Z,43.251145,76.947285,759.0,6.068,,0.0,13,gps,0.8,0.8,1.1,-43.0,,,,43,
2018-05-31T12:54:32.000Z,43.251145,76.947285,759.0,7.585,,0.0,13,gps,0.7,0.8,1.1,-43.0,,,,43,
2018-05-31T12:54:34.000Z,43.251146,76.947285,759.0,7.585,,0.0,14,gps,0.7,0.7,1.0,-43.0,,,,43,
2018-05-31T12:54:36.000Z,43.251145,76.947285,759.0,7.585,,0.0,15,gps,0.7,0.7,1.0,-43.0,,,,43,
2018-05-31T12:54:38.000Z,43.251135,76.947276,759.0,6.068,,0.0,15,gps,,,,-43.0,,,,43,
2018-05-31T12:54:40.000Z,43.251132,76.947271,759.0,6.068,,0.0,15,gps,0.7,0.7,1.0,-43.0,,,,43,
2018-05-31T12:54:41.000Z,43.251128,76.947269,760.0,6.068,,0.0,15,gps,0.7,0.7,1.0,-43.0,,,,43,
2018-05-31T12:54:43.000Z,43.251128,76.947262,760.0,6.068,,0.0,15,gps,0.7,0.7,1.0,-43.0,,,,43,
2018-05-31T12:54:44.000Z,43.251127,76.947259,759.0,6.068,,0.0,15,gps,0.7,0.7,1.0,-43.0,,,,43,
2018-05-31T12:54:46.000Z,43.251129,76.947270,759.0,4.5509996,,0.0,15,gps,0.7,0.8,1.1,-43.0,,,,43,
2018-05-31T12:54:48.000Z,43.251127,76.947265,760.0,4.5509996,,0.0,13,gps,0.8,0.8,1.1,-43.0,,,,43,
2018-05-31T12:54:50.000Z,43.251126,76.947264,760.0,4.5509996,,0.0,13,gps,0.9,0.9,1.2,-43.0,,,,43,
2018-05-31T12:54:52.000Z,43.251126,76.947264,760.0,4.5509996,,0.0,12,gps,,,,-43.0,,,,43,
2018-05-31T12:54:55.000Z,43.251126,76.947263,760.0,4.5509996,,0.0,12,gps,0.9,0.9,1.2,-43.0,,,,43,
2018-05-31T12:54:57.000Z,43.251126,76.947263,760.0,4.5509996,,0.0,12,gps,0.9,0.9,1.2,-43.0,,,,43,
2018-05-31T12:54:59.000Z,43.251126,76.947263,760.0,4.5509996,,0.0,12,gps,0.9,0.9,1.2,-43.0,,,,43,
2018-05-31T12:55:01.000Z,43.251126,76.947263,760.0,6.068,,0.0,13,gps,0.8,0.8,1.1,-43.0,,,,43,
2018-05-31T12:55:03.000Z,43.251125,76.947263,760.0,6.068,,0.0,13,gps,0.7,0.8,1.1,-43.0,,,,43,
2018-05-31T12:55:05.000Z,43.251125,76.947263,760.0,6.068,,0.0,14,gps,0.7,0.8,1.1,-43.0,,,,43,
2018-05-31T12:55:07.000Z,43.251125,76.947263,760.0,4.5509996,,0.0,14,gps,0.7,0.8,1.1,-43.0,,,,43,
2018-05-31T12:55:09.000Z,43.251125,76.947263,760.0,4.5509996,,0.0,14,gps,0.7,0.8,1.1,-43.0,,,,43,
2018-05-31T12:55:11.000Z,43.251125,76.947263,760.0,4.5509996,,0.0,13,gps,0.8,0.8,1.1,-43.0,,,,43,
2018-05-31T12:55:13.000Z,43.251125,76.947263,760.0,4.5509996,,0.0,13,gps,0.8,0.8,1.1,-43.0,,,,43,
2018-05-31T12:55:15.000Z,43.251125,76.947262,760.0,6.068,,0.0,13,gps,0.8,0.8,1.1,-43.0,,,,43,
2018-05-31T12:55:17.000Z,43.251125,76.947261,760.0,6.068,,0.0,13,gps,0.8,0.8,1.1,-43.0,,,,43,
2018-05-31T12:55:19.000Z,43.251124,76.947261,760.0,4.5509996,,0.0,13,gps,0.8,0.8,1.1,-43.0,,,,43,
2018-05-31T12:55:21.000Z,43.251124,76.947261,760.0,4.5509996,,0.0,13,gps,0.8,0.8,1.1,-43.0,,,,43,
2018-05-31T12:55:22.000Z,43.251124,76.947261,760.0,4.5509996,,0.0,13,gps,0.8,0.8,1.1,-43.0,,,,43,
2018-05-31T12:55:24.000Z,43.251124,76.947261,760.0,4.5509996,,0.0,13,gps,0.8,0.8,1.1,-43.0,,,,43,
2018-05-31T12:55:26.000Z,43.251124,76.947261,760.0,6.068,,0.0,13,gps,0.8,0.8,1.1,-43.0,,,,43,
2018-05-31T12:55:28.000Z,43.251124,76.947260,760.0,6.068,,0.0,13,gps,0.7,0.8,1.1,-43.0,,,,43,
2018-05-31T12:55:30.000Z,43.251123,76.947259,760.0,7.585,,0.0,15,gps,0.7,0.7,1.0,-43.0,,,,43,
2018-05-31T12:55:32.000Z,43.251123,76.947259,760.0,7.585,,0.0,14,gps,0.7,0.7,1.0,-43.0,,,,43,
2018-05-31T12:55:34.000Z,43.251123,76.947258,760.0,7.585,,0.0,14,gps,0.7,0.7,1.0,-43.0,,,,43,
2018-05-31T12:55:36.000Z,43.251123,76.947258,760.0,6.068,,0.0,13,gps,0.8,0.8,1.1,-43.0,,,,43,
2018-05-31T12:55:37.000Z,43.251123,76.947258,760.0,6.068,,0.0,13,gps,0.8,0.8,1.1,-43.0,,,,43,
2018-05-31T12:55:39.000Z,43.251123,76.947258,761.0,13.653,,0.0,13,gps,0.8,0.8,1.1,-43.0,,,,43,
2018-05-31T12:55:41.000Z,43.251123,76.947258,761.0,13.653,,0.0,13,gps,0.8,0.8,1.1,-43.0,,,,43,
2018-05-31T12:55:43.000Z,43.251123,76.947258,761.0,15.17,,0.0,13,gps,0.8,0.8,1.1,-43.0,,,,43,
2018-05-31T12:55:45.000Z,43.251123,76.947258,761.0,15.17,,0.0,13,gps,0.8,0.8,1.1,-43.0,,,,43,
2018-05-31T12:55:47.000Z,43.251123,76.947258,761.0,15.17,,0.0,13,gps,0.8,0.8,1.1,-43.0,,,,43,
2018-05-31T12:55:49.000Z,43.251123,76.947258,761.0,15.17,,0.0,13,gps,0.8,0.8,1.1,-43.0,,,,43,
2018-05-31T12:55:51.000Z,43.251123,76.947258,761.0,15.17,,0.0,13,gps,0.7,0.7,1.0,-43.0,,,,43,
2018-05-31T12:55:53.000Z,43.251123,76.947258,761.0,15.17,,0.0,14,gps,0.7,0.7,1.0,-43.0,,,,43,
2018-05-31T12:55:55.000Z,43.251123,76.947258,761.0,6.068,,0.0,15,gps,0.7,0.7,1.0,-43.0,,,,43,
2018-05-31T12:55:57.000Z,43.251122,76.947257,761.0,6.068,,0.0,15,gps,0.7,0.7,1.1,-43.0,,,,43,
2018-05-31T12:55:59.000Z,43.251122,76.947257,761.0,6.068,,0.0,14,gps,0.7,0.7,1.1,-43.0,,,,43,
2018-05-31T12:56:01.000Z,43.251122,76.947257,761.0,7.585,,0.0,14,gps,0.7,0.7,1.1,-43.0,,,,43,
2018-05-31T12:56:03.000Z,43.251122,76.947257,761.0,7.585,,0.0,13,gps,0.8,0.8,1.1,-43.0,,,,43,
2018-05-31T12:56:05.000Z,43.251122,76.947257,761.0,7.585,,0.0,13,gps,0.9,0.9,1.2,-43.0,,,,43,
2018-05-31T12:56:07.000Z,43.251122,76.947257,761.0,7.585,,0.0,12,gps,0.9,0.9,1.2,-43.0,,,,43,
2018-05-31T12:56:08.000Z,43.251122,76.947256,761.0,7.585,,0.0,12,gps,0.9,0.9,1.2,-43.0,,,,43,
2018-05-31T12:56:10.000Z,43.251122,76.947256,761.0,6.068,,0.0,12,gps,0.9,0.9,1.2,-43.0,,,,43,
2018-05-31T12:56:11.000Z,43.251122,76.947256,761.0,6.068,,0.0,12,gps,0.8,0.8,1.1,-43.0,,,,43,
2018-05-31T12:56:13.000Z,43.251122,76.947256,761.0,6.068,,0.0,12,gps,0.9,0.8,1.2,-43.0,,,,43,
2018-05-31T12:56:14.000Z,43.251122,76.947256,761.0,6.068,,0.0,11,gps,0.9,0.8,1.2,-43.0,,,,43,
2018-05-31T12:56:16.000Z,43.251122,76.947255,761.0,6.068,,0.0,12,gps,0.9,0.8,1.2,-43.0,,,,43,
2018-05-31T12:56:18.000Z,43.251122,76.947255,761.0,6.068,,0.0,11,gps,0.8,0.8,1.2,-43.0,,,,43,
2018-05-31T12:56:21.000Z,43.251122,76.947255,761.0,6.068,,0.0,14,gps,,,,-43.0,,,,43,
2018-05-31T12:56:23.000Z,43.251122,76.947255,761.0,6.068,,0.0,14,gps,0.7,0.8,1.1,-43.0,,,,43,
2018-05-31T12:56:25.000Z,43.251121,76.947255,761.0,6.068,,0.0,14,gps,0.7,0.8,1.1,-43.0,,,,43,
2018-05-31T12:56:27.000Z,43.251121,76.947255,761.0,6.068,,0.0,12,gps,0.9,0.9,1.2,-43.0,,,,43,
2018-05-31T12:56:29.000Z,43.251121,76.947255,761.0,6.068,,0.0,12,gps,0.9,0.9,1.2,-43.0,,,,43,
2018-05-31T12:56:31.000Z,43.251121,76.947255,761.0,6.068,,0.0,12,gps,0.9,0.9,1.2,-43.0,,,,43,
2018-05-31T12:56:33.000Z,43.251121,76.947255,761.0,6.068,,0.0,12,gps,0.9,0.9,1.2,-43.0,,,,42,
2018-05-31T12:56:34.000Z,43.251121,76.947255,761.0,7.585,,0.0,12,gps,1.0,0.9,1.3,-43.0,,,,42,
2018-05-31T12:56:36.000Z,43.251121,76.947255,761.0,7.585,,0.0,11,gps,0.9,0.9,1.2,-43.0,,,,42,
2018-05-31T12:56:38.000Z,43.251121,76.947255,761.0,6.068,,0.0,13,gps,0.8,0.8,1.1,-43.0,,,,42,
2018-05-31T12:56:40.000Z,43.251121,76.947255,761.0,4.5509996,,0.0,13,gps,0.8,0.8,1.1,-43.0,,,,42,
2018-05-31T12:56:42.000Z,43.251121,76.947256,761.0,4.5509996,,0.0,13,gps,0.8,0.8,1.1,-43.0,,,,42,
2018-05-31T12:56:44.000Z,43.251121,76.947256,761.0,4.5509996,,0.0,13,gps,0.9,0.9,1.2,-43.0,,,,42,
2018-05-31T12:56:46.000Z,43.251121,76.947256,761.0,4.5509996,,0.0,12,gps,0.9,0.9,1.2,-43.0,,,,42,
2018-05-31T12:56:48.000Z,43.251121,76.947256,761.0,4.5509996,,0.0,12,gps,0.9,0.9,1.2,-43.0,,,,42,
2018-05-31T12:56:49.000Z,43.251121,76.947256,761.0,6.068,,0.0,12,gps,0.9,0.9,1.2,-43.0,,,,42,
2018-05-31T12:56:51.000Z,43.251121,76.947255,761.0,6.068,,0.0,12,gps,0.9,0.9,1.2,-43.0,,,,42,
2018-05-31T12:56:53.000Z,43.251121,76.947255,761.0,7.585,,0.0,12,gps,0.9,0.9,1.2,-43.0,,,,42,
2018-05-31T12:56:55.000Z,43.251121,76.947255,761.0,7.585,,0.0,12,gps,0.9,0.9,1.2,-43.0,,,,42,
2018-05-31T12:56:57.000Z,43.251121,76.947255,761.0,7.585,,0.0,12,gps,0.9,0.8,1.2,-43.0,,,,42,
2018-05-31T12:56:59.000Z,43.251121,76.947255,761.0,15.17,,0.0,14,gps,0.7,0.7,1.1,-43.0,,,,42,
2018-05-31T12:57:01.000Z,43.251121,76.947254,761.0,15.17,,0.0,14,gps,0.7,0.7,1.1,-43.0,,,,42,
2018-05-31T12:57:03.000Z,43.251121,76.947254,761.0,15.17,,0.0,14,gps,0.7,0.7,1.1,-43.0,,,,42,
2018-05-31T12:57:05.000Z,43.251121,76.947254,761.0,13.653,,0.0,14,gps,0.7,0.7,1.1,-43.0,,,,42,
2018-05-31T12:57:07.000Z,43.251120,76.947254,761.0,13.653,,0.0,11,gps,0.9,0.8,1.2,-43.0,,,,42,
2018-05-31T12:57:08.000Z,43.251120,76.947254,761.0,13.653,,0.0,11,gps,1.0,0.9,1.4,-43.0,,,,42,
2018-05-31T12:57:10.000Z,43.251120,76.947254,761.0,13.653,,0.0,11,gps,0.9,0.8,1.2,-43.0,,,,42,
2018-05-31T12:57:12.000Z,43.251120,76.947253,761.0,15.17,,0.0,11,gps,0.9,0.8,1.2,-43.0,,,,42,
2018-05-31T12:57:13.000Z,43.251120,76.947253,761.0,13.653,,0.0,11,gps,0.9,0.8,1.2,-43.0,,,,42,
2018-05-31T12:57:15.000Z,43.251120,76.947253,761.0,15.17,,0.0,11,gps,1.0,0.8,1.2,-43.0,,,,42,
2018-05-31T12:57:17.000Z,43.251120,76.947253,761.0,15.17,,0.0,11,gps,1.0,0.8,1.2,-43.0,,,,42,
2018-05-31T12:57:19.000Z,43.251120,76.947252,761.0,15.17,,0.0,12,gps,0.9,0.8,1.2,-43.0,,,,42,
2018-05-31T12:57:21.000Z,43.251120,76.947252,761.0,15.17,,0.0,12,gps,0.9,0.9,1.2,-43.0,,,,42,
2018-05-31T12:57:23.000Z,43.251120,76.947252,761.0,15.17,,0.0,12,gps,0.9,0.9,1.2,-43.0,,,,42,
2018-05-31T12:57:24.000Z,43.251120,76.947251,761.0,15.17,,0.0,13,gps,0.8,0.8,1.1,-43.0,,,,42,
2018-05-31T12:57:26.000Z,43.251120,76.947251,761.0,15.17,,0.0,13,gps,0.8,0.8,1.1,-43.0,,,,42,
2018-05-31T12:57:28.000Z,43.251120,76.947251,762.0,13.653,,0.0,12,gps,0.9,0.8,1.2,-43.0,,,,42,
2018-05-31T12:57:30.000Z,43.251119,76.947250,762.0,13.653,,0.0,12,gps,1.0,0.9,1.3,-43.0,,,,42,
2018-05-31T12:57:32.000Z,43.251119,76.947250,762.0,13.653,,0.0,11,gps,1.0,0.9,1.3,-43.0,,,,42,
2018-05-31T12:57:34.000Z,43.251119,76.947250,762.0,13.653,,0.0,11,gps,1.0,0.9,1.3,-43.0,,,,42,
2018-05-31T12:57:36.000Z,43.251119,76.947250,762.0,13.653,,0.0,11,gps,1.0,0.9,1.3,-43.0,,,,42,
2018-05-31T12:57:38.000Z,43.251119,76.947249,762.0,13.653,,0.0,11,gps,1.0,0.9,1.3,-43.0,,,,42,
2018-05-31T12:57:40.000Z,43.251119,76.947249,762.0,13.653,,0.0,11,gps,1.0,0.9,1.3,-43.0,,,,42,
2018-05-31T12:57:42.000Z,43.251119,76.947249,762.0,13.653,,0.0,11,gps,1.0,0.9,1.3,-43.0,,,,42,
2018-05-31T12:57:44.000Z,43.251119,76.947248,762.0,13.653,,0.0,12,gps,0.9,0.8,1.2,-43.0,,,,42,
2018-05-31T12:57:46.000Z,43.251119,76.947248,762.0,13.653,,0.0,11,gps,0.9,0.8,1.2,-43.0,,,,42,
2018-05-31T12:57:47.000Z,43.251119,76.947248,762.0,13.653,,0.0,12,gps,0.9,0.8,1.2,-43.0,,,,42,
2018-05-31T12:57:49.000Z,43.251118,76.947247,762.0,13.653,,0.0,12,gps,0.9,0.8,1.2,-43.0,,,,42,
2018-05-31T12:57:50.000Z,43.251118,76.947247,762.0,13.653,,0.0,12,gps,1.0,0.9,1.3,-43.0,,,,42,
2018-05-31T12:57:51.000Z,43.251118,76.947247,762.0,13.653,,0.0,11,gps,1.0,0.9,1.3,-43.0,,,,42,
2018-05-31T12:57:53.000Z,43.251118,76.947247,762.0,13.653,,0.0,11,gps,1.0,0.9,1.3,-43.0,,,,42,
2018-05-31T12:57:55.000Z,43.251118,76.947247,762.0,13.653,,0.0,12,gps,0.9,0.9,1.2,-43.0,,,,42,
2018-05-31T12:57:57.000Z,43.251118,76.947247,762.0,13.653,,0.0,12,gps,0.9,0.9,1.2,-43.0,,,,42,
2018-05-31T12:57:59.000Z,43.251118,76.947246,762.0,13.653,,0.0,12,gps,0.9,0.9,1.2,-43.0,,,,42,
2018-05-31T12:58:00.000Z,43.251118,76.947246,762.0,13.653,,0.0,12,gps,0.9,0.9,1.2,-43.0,,,,42,
2018-05-31T12:58:02.000Z,43.251118,76.947246,762.0,13.653,,0.0,12,gps,0.9,0.9,1.2,-43.0,,,,42,
2018-05-31T12:58:04.000Z,43.251118,76.947246,762.0,13.653,,0.0,12,gps,0.9,0.9,1.2,-43.0,,,,42,
2018-05-31T12:58:06.000Z,43.251118,76.947246,762.0,13.653,,0.0,12,gps,0.9,0.9,1.3,-43.0,,,,42,
2018-05-31T12:58:08.000Z,43.251118,76.947246,762.0,15.17,,0.0,11,gps,0.9,0.9,1.3,-43.0,,,,42,
2018-05-31T12:58:10.000Z,43.251118,76.947246,762.0,13.653,,0.0,11,gps,0.9,0.9,1.2,-43.0,,,,42,
2018-05-31T12:58:12.000Z,43.251118,76.947246,762.0,13.653,,0.0,12,gps,0.9,0.9,1.2,-43.0,,,,42,
2018-05-31T12:58:14.000Z,43.251117,76.947246,762.0,13.653,,0.0,12,gps,0.9,0.9,1.2,-43.0,,,,42,
2018-05-31T12:58:16.000Z,43.251117,76.947246,762.0,13.653,,0.0,12,gps,0.9,0.9,1.2,-43.0,,,,42,
2018-05-31T12:58:18.000Z,43.251117,76.947246,762.0,13.653,,0.0,12,gps,0.9,0.9,1.2,-43.0,,,,42,
2018-05-31T12:58:20.000Z,43.251117,76.947246,762.0,13.653,,0.0,12,gps,0.9,0.9,1.2,-43.0,,,,42,
2018-05-31T12:58:22.000Z,43.251117,76.947246,762.0,13.653,,0.0,13,gps,0.8,0.8,1.1,-43.0,,,,42,
2018-05-31T12:58:24.000Z,43.251117,76.947245,762.0,13.653,,0.0,13,gps,0.8,0.8,1.1,-43.0,,,,42,
2018-05-31T12:58:26.000Z,43.251117,76.947245,762.0,13.653,,0.0,13,gps,0.8,0.8,1.1,-43.0,,,,42,
2018-05-31T12:58:28.000Z,43.251117,76.947245,762.0,13.653,,0.0,12,gps,0.9,0.9,1.2,-43.0,,,,42,
2018-05-31T12:58:30.000Z,43.251117,76.947245,762.0,13.653,,0.0,12,gps,0.9,0.9,1.2,-43.0,,,,42,
2018-05-31T12:58:32.000Z,43.251117,76.947245,762.0,13.653,,0.0,12,gps,0.9,0.9,1.2,-43.0,,,,42,
2018-05-31T12:58:33.000Z,43.251117,76.947245,762.0,13.653,,0.0,12,gps,0.9,0.9,1.2,-43.0,,,,42,
2018-05-31T12:58:35.000Z,43.251117,76.947245,762.0,13.653,,0.0,12,gps,0.9,0.9,1.2,-43.0,,,,42,
2018-05-31T12:58:37.000Z,43.251117,76.947245,762.0,13.653,,0.0,12,gps,0.9,0.9,1.2,-43.0,,,,42,
2018-05-31T12:58:39.000Z,43.251117,76.947245,762.0,13.653,,0.0,12,gps,0.9,0.9,1.2,-43.0,,,,42,
2018-05-31T12:58:41.000Z,43.251117,76.947245,762.0,13.653,,0.0,12,gps,0.9,0.9,1.2,-43.0,,,,42,
2018-05-31T12:58:43.000Z,43.251116,76.947245,762.0,13.653,,0.0,12,gps,0.9,0.9,1.2,-43.0,,,,42,
2018-05-31T12:58:45.000Z,43.251116,76.947245,762.0,13.653,,0.0,12,gps,0.9,0.9,1.2,-43.0,,,,42,
2018-05-31T12:58:47.000Z,43.251116,76.947245,762.0,13.653,,0.0,12,gps,0.9,0.9,1.2,-43.0,,,,42,
2018-05-31T12:58:49.000Z,43.251116,76.947245,762.0,13.653,,0.0,12,gps,0.9,0.9,1.2,-43.0,,,,42,
2018-05-31T12:58:51.000Z,43.251116,76.947245,762.0,13.653,,0.0,12,gps,0.8,0.8,1.1,-43.0,,,,42,
2018-05-31T12:58:53.000Z,43.251116,76.947245,762.0,13.653,,0.0,13,gps,0.8,0.8,1.1,-43.0,,,,42,
2018-05-31T12:58:55.000Z,43.251116,76.947245,762.0,13.653,,0.0,13,gps,0.8,0.8,1.1,-43.0,,,,42,
2018-05-31T12:58:57.000Z,43.251116,76.947245,762.0,13.653,,0.0,13,gps,0.8,0.8,1.1,-43.0,,,,42,
2018-05-31T12:58:59.000Z,43.251115,76.947245,762.0,13.653,,0.0,12,gps,0.9,0.9,1.2,-43.0,,,,42,
2018-05-31T12:59:01.000Z,43.251115,76.947245,762.0,13.653,,0.0,12,gps,0.9,0.9,1.2,-43.0,,,,42,
2018-05-31T12:59:03.000Z,43.251115,76.947245,762.0,13.653,,0.0,12,gps,0.9,0.9,1.2,-43.0,,,,41,
2018-05-31T12:59:05.000Z,43.251115,76.947244,762.0,13.653,,0.0,12,gps,0.9,0.9,1.2,-43.0,,,,41,
2018-05-31T12:59:07.000Z,43.251115,76.947244,762.0,13.653,,0.0,12,gps,0.9,0.9,1.2,-43.0,,,,41,
2018-05-31T12:59:09.000Z,43.251115,76.947244,762.0,13.653,,0.0,12,gps,0.9,0.9,1.2,-43.0,,,,41,
2018-05-31T12:59:11.000Z,43.251115,76.947244,762.0,13.653,,0.0,15,gps,0.7,0.7,1.0,-43.0,,,,41,
2018-05-31T12:59:13.000Z,43.251115,76.947244,762.0,13.653,,0.0,15,gps,0.7,0.7,1.0,-43.0,,,,41,
2018-05-31T12:59:15.000Z,43.251115,76.947243,762.0,13.653,,0.0,15,gps,0.7,0.7,1.0,-43.0,,,,41,
2018-05-31T12:59:17.000Z,43.251115,76.947243,762.0,13.653,,0.0,14,gps,0.8,0.8,1.1,-43.0,,,,41,
2018-05-31T12:59:19.000Z,43.251115,76.947244,762.0,13.653,,0.0,11,gps,0.8,0.8,1.2,-43.0,,,,41,
2018-05-31T12:59:21.000Z,43.251115,76.947244,762.0,13.653,,0.0,11,gps,0.8,0.8,1.2,-43.0,,,,41,
2018-05-31T12:59:22.000Z,43.251115,76.947244,762.0,13.653,,0.0,11,gps,0.8,0.8,1.2,-43.0,,,,41,
2018-05-31T12:59:24.000Z,43.251114,76.947244,762.0,13.653,,0.0,11,gps,0.8,0.8,1.1,-43.0,,,,41,
2018-05-31T12:59:26.000Z,43.251114,76.947244,762.0,13.653,,0.0,12,gps,0.9,0.8,1.2,-43.0,,,,41,
2018-05-31T12:59:28.000Z,43.251114,76.947243,762.0,13.653,,0.0,11,gps,0.8,0.8,1.1,-43.0,,,,41,
2018-05-31T12:59:30.000Z,43.251114,76.947243,762.0,13.653,,0.0,12,gps,0.8,0.8,1.1,-43.0,,,,41,
2018-05-31T12:59:32.000Z,43.251114,76.947243,762.0,13.653,,0.0,12,gps,0.8,0.8,1.1,-43.0,,,,41,
2018-05-31T12:59:33.000Z,43.251114,76.947243,762.0,13.653,,0.0,12,gps,0.8,0.8,1.1,-43.0,,,,41,
2018-05-31T12:59:35.000Z,43.251114,76.947243,762.0,13.653,,0.0,12,gps,0.8,0.8,1.1,-43.0,,,,41,
2018-05-31T12:59:37.000Z,43.251114,76.947243,762.0,13.653,,0.0,12,gps,0.8,0.8,1.1,-43.0,,,,41,
2018-05-31T12:59:39.000Z,43.251114,76.947244,762.0,13.653,,0.0,12,gps,0.8,0.8,1.1,-43.0,,,,41,
2018-05-31T12:59:40.000Z,43.251114,76.947244,762.0,13.653,,0.0,12,gps,0.8,0.8,1.1,-43.0,,,,41,
2018-05-31T12:59:41.000Z,43.251114,76.947243,762.0,13.653,,0.0,12,gps,0.8,0.8,1.1,-43.0,,,,41,
2018-05-31T12:59:43.000Z,43.251114,76.947243,762.0,13.653,,0.0,13,gps,0.8,0.8,1.1,-43.0,,,,41,
2018-05-31T12:59:45.000Z,43.251114,76.947243,762.0,13.653,,0.0,13,gps,0.8,0.8,1.1,-43.0,,,,41,
2018-05-31T12:59:47.000Z,43.251114,76.947243,762.0,13.653,,0.0,15,gps,0.7,0.7,1.0,-43.0,,,,41,
2018-05-31T12:59:49.000Z,43.251114,76.947243,762.0,13.653,,0.0,15,gps,0.7,0.7,1.0,-43.0,,,,41,
2018-05-31T12:59:51.000Z,43.251114,76.947243,762.0,13.653,,0.0,14,gps,0.8,0.7,1.1,-43.0,,,,41,
2018-05-31T12:59:52.000Z,43.251114,76.947243,762.0,13.653,,0.0,14,gps,0.8,0.8,1.1,-43.0,,,,41,
2018-05-31T12:59:54.000Z,43.251114,76.947243,762.0,13.653,,0.0,13,gps,0.8,0.8,1.1,-43.0,,,,41,
2018-05-31T12:59:55.000Z,43.251114,76.947243,762.0,13.653,,0.0,13,gps,0.7,0.8,1.1,-43.0,,,,41,
2018-05-31T12:59:57.000Z,43.251114,76.947243,762.0,13.653,,0.0,14,gps,0.7,0.8,1.1,-43.0,,,,41,
2018-05-31T12:59:59.000Z,43.251114,76.947243,762.0,13.653,,0.0,14,gps,0.7,0.8,1.1,-43.0,,,,41,
2018-05-31T13:00:01.000Z,43.251114,76.947243,762.0,13.653,,0.0,14,gps,0.7,0.8,1.1,-43.0,,,,41,
2018-05-31T13:00:03.000Z,43.251114,76.947243,762.0,13.653,,0.0,14,gps,0.7,0.8,1.1,-43.0,,,,41,
2018-05-31T13:00:04.000Z,43.251114,76.947243,762.0,13.653,,0.0,14,gps,0.7,0.8,1.1,-43.0,,,,41,
2018-05-31T13:00:06.000Z,43.251114,76.947243,762.0,13.653,,0.0,14,gps,0.9,0.9,1.2,-43.0,,,,41,
2018-05-31T13:00:08.000Z,43.251114,76.947243,762.0,13.653,,0.0,13,gps,0.8,0.8,1.1,-43.0,,,,41,
2018-05-31T13:00:09.000Z,43.251114,76.947243,762.0,13.653,,0.0,13,gps,1.0,0.8,1.3,-43.0,,,,41,
2018-05-31T13:00:11.000Z,43.251114,76.947243,762.0,13.653,,0.0,11,gps,0.9,0.8,1.2,-43.0,,,,41,
2018-05-31T13:00:13.000Z,43.251113,76.947243,762.0,13.653,,0.0,13,gps,0.9,0.9,1.2,-43.0,,,,41,
2018-05-31T13:00:15.000Z,43.251113,76.947243,762.0,13.653,,0.0,12,gps,0.9,0.9,1.2,-43.0,,,,41,
2018-05-31T13:00:17.000Z,43.251113,76.947242,762.0,13.653,,0.0,12,gps,0.9,0.9,1.2,-43.0,,,,41,
2018-05-31T13:00:19.000Z,43.251113,76.947242,762.0,13.653,,0.0,12,gps,0.9,0.9,1.2,-43.0,,,,41,
2018-05-31T13:00:20.000Z,43.251113,76.947242,762.0,13.653,,0.0,12,gps,0.9,0.9,1.2,-43.0,,,,41,
2018-05-31T13:00:22.000Z,43.251113,76.947242,762.0,13.653,,0.0,12,gps,0.9,0.9,1.2,-43.0,,,,41,
2018-05-31T13:00:24.000Z,43.251113,76.947242,762.0,13.653,,0.0,12,gps,0.9,0.9,1.3,-43.0,,,,41,
2018-05-31T13:00:26.000Z,43.251113,76.947242,762.0,13.653,,0.0,10,gps,0.9,0.9,1.3,-43.0,,,,41,
2018-05-31T13:00:28.000Z,43.251113,76.947242,762.0,13.653,,0.0,8,gps,1.0,0.9,1.5,-43.0,,,,41,
2018-05-31T13:00:30.000Z,43.251113,76.947242,762.0,13.653,,0.0,9,gps,1.0,0.9,1.4,-43.0,,,,41,
2018-05-31T13:00:31.000Z,43.251113,76.947242,762.0,13.653,,0.0,10,gps,0.9,0.9,1.3,-43.0,,,,41,
2018-05-31T13:00:33.000Z,43.251113,76.947242,762.0,13.653,,0.0,11,gps,0.9,0.9,1.3,-43.0,,,,40,
2018-05-31T13:00:35.000Z,43.251113,76.947242,762.0,13.653,,0.0,11,gps,0.9,0.9,1.3,-43.0,,,,40,
2018-05-31T13:00:37.000Z,43.251113,76.947242,762.0,13.653,,0.0,10,gps,1.0,0.9,1.3,-43.0,,,,40,
2018-05-31T13:00:39.000Z,43.251113,76.947242,762.0,13.653,,0.0,10,gps,1.0,0.9,1.4,-43.0,,,,40,
2018-05-31T13:00:41.000Z,43.251113,76.947241,762.0,13.653,,0.0,10,gps,0.9,0.9,1.3,-43.0,,,,40,
2018-05-31T13:00:43.000Z,43.251113,76.947241,762.0,13.653,,0.0,10,gps,0.9,0.9,1.3,-43.0,,,,40,
2018-05-31T13:00:45.000Z,43.251113,76.947241,762.0,13.653,,0.0,10,gps,0.9,0.9,1.3,-43.0,,,,40,
2018-05-31T13:00:47.000Z,43.251113,76.947241,762.0,13.653,,0.0,10,gps,1.0,0.9,1.4,-43.0,,,,40,
2018-05-31T13:00:49.000Z,43.251113,76.947241,762.0,13.653,,0.0,9,gps,1.0,0.9,1.4,-43.0,,,,40,
2018-05-31T13:00:51.000Z,43.251113,76.947241,762.0,13.653,,0.0,9,gps,0.9,0.9,1.3,-43.0,,,,40,
2018-05-31T13:00:53.000Z,43.251113,76.947241,762.0,13.653,,0.0,11,gps,0.9,0.9,1.3,-43.0,,,,40,
2018-05-31T13:00:55.000Z,43.251113,76.947241,762.0,13.653,,0.0,11,gps,0.9,0.9,1.3,-43.0,,,,40,
2018-05-31T13:00:56.000Z,43.251113,76.947241,762.0,13.653,,0.0,11,gps,0.9,0.9,1.3,-43.0,,,,40,
2018-05-31T13:00:58.000Z,43.251113,76.947241,762.0,13.653,,0.0,11,gps,0.9,0.9,1.3,-43.0,,,,40,
2018-05-31T13:01:00.000Z,43.251113,76.947241,762.0,13.653,,0.0,12,gps,0.9,0.9,1.2,-43.0,,,,40,
2018-05-31T13:01:02.000Z,43.251113,76.947241,762.0,13.653,,0.0,12,gps,0.9,0.9,1.2,-43.0,,,,40,
2018-05-31T13:01:03.000Z,43.251113,76.947241,762.0,15.17,,0.0,12,gps,0.9,0.9,1.2,-43.0,,,,40,
2018-05-31T13:01:05.000Z,43.251113,76.947241,762.0,13.653,,0.0,12,gps,0.9,0.9,1.2,-43.0,,,,40,
2018-05-31T13:01:07.000Z,43.251113,76.947241,762.0,15.17,,0.0,11,gps,0.9,0.9,1.3,-43.0,,,,40,
2018-05-31T13:01:09.000Z,43.251113,76.947241,762.0,15.17,,0.0,11,gps,0.9,0.9,1.3,-43.0,,,,40,
2018-05-31T13:01:10.000Z,43.251113,76.947241,762.0,15.17,,0.0,11,gps,0.9,0.9,1.2,-43.0,,,,40,
2018-05-31T13:01:12.000Z,43.251113,76.947241,762.0,13.653,,0.0,11,gps,0.9,0.9,1.2,-43.0,,,,40,
2018-05-31T13:31:22.000Z,43.318204,76.957682,667.0,24.272,,0.0,0,gps,0.8,0.8,1.1,-43.0,,,,39,
2018-05-31T13:31:24.000Z,43.318322,76.957682,665.0,15.17,11.2,2.39,12,gps,0.8,0.8,1.1,-43.0,,,,39,
2018-05-31T13:31:26.000Z,43.318366,76.957687,662.0,9.101999,13.4,2.5,13,gps,0.8,0.8,1.1,-43.0,,,,39,
2018-05-31T13:31:28.000Z,43.318385,76.957708,660.0,6.068,12.0,2.35,13,gps,0.7,0.7,1.0,-43.0,,,,39,
2018-05-31T13:31:30.000Z,43.318395,76.957797,662.0,6.068,3.4,2.14,14,gps,,,,-43.0,,,,39,
2018-05-31T13:31:32.000Z,43.318444,76.957809,660.0,6.068,19.7,2.49,17,gps,0.6,0.7,0.9,-43.0,,,,39,
2018-05-31T13:31:34.000Z,43.318500,76.957823,659.0,6.068,10.5,2.91,17,gps,0.6,0.7,0.9,-43.0,,,,39,
2018-05-31T13:31:35.000Z,43.318518,76.957828,658.0,7.585,11.3,2.19,17,gps,0.6,0.7,0.9,-43.0,,,,39,
2018-05-31T13:31:37.000Z,43.318554,76.957834,658.0,10.6189995,11.0,2.28,17,gps,0.6,0.7,0.9,-43.0,,,,39,
2018-05-31T13:31:38.000Z,43.318578,76.957828,658.0,12.136,5.2,2.4,17,gps,0.6,0.7,0.9,-43.0,,,,39,
2018-05-31T13:31:39.000Z,43.318589,76.957840,659.0,9.101999,17.7,2.31,17,gps,0.6,0.7,0.9,-43.0,,,,39,
2018-05-31T13:31:41.000Z,43.318645,76.957850,657.0,9.101999,14.9,3.43,14,gps,0.7,0.7,1.0,-43.0,,,,39,
2018-05-31T13:31:42.000Z,43.318683,76.957856,657.0,9.101999,15.0,4.02,14,gps,0.7,0.7,1.0,-43.0,,,,39,
2018-05-31T13:31:44.000Z,43.318774,76.957883,657.0,9.101999,15.6,5.41,15,gps,0.7,0.7,1.0,-43.0,,,,39,
2018-05-31T13:31:46.000Z,43.318864,76.957940,658.0,9.101999,13.2,5.84,15,gps,0.7,0.7,1.0,-43.0,,,,39,
2018-05-31T13:31:47.000Z,43.318910,76.957967,660.0,12.136,12.8,5.73,15,gps,0.7,0.7,1.0,-43.0,,,,38,
2018-05-31T13:31:48.000Z,43.318975,76.957992,660.0,10.6189995,13.7,6.44,14,gps,,,,-43.0,,,,38,
2018-05-31T13:31:50.000Z,43.319084,76.958052,662.0,4.5509996,14.1,7.09,15,gps,0.7,0.7,1.0,-43.0,,,,38,
2018-05-31T13:31:51.000Z,43.319139,76.958088,663.0,6.068,14.4,6.94,15,gps,0.6,0.7,0.9,-43.0,,,,38,
2018-05-31T13:31:52.000Z,43.319198,76.958086,664.0,6.068,12.8,7.23,17,gps,0.6,0.7,0.9,-43.0,,,,38,
2018-05-31T13:31:54.000Z,43.319308,76.958124,664.0,7.585,13.7,5.91,17,gps,0.6,0.7,0.9,-43.0,,,,38,
2018-05-31T13:31:55.000Z,43.319345,76.958141,663.0,7.585,13.2,4.85,17,gps,,,,-43.0,,,,38,
2018-05-31T13:31:57.000Z,43.319397,76.958151,663.0,7.585,6.8,2.83,17,gps,,,,-43.0,,,,38,
2018-05-31T13:31:58.000Z,43.319404,76.958142,662.0,9.101999,353.5,1.86,17,gps,0.7,,,-43.0,,,,38,
2018-05-31T13:31:59.000Z,43.319390,76.958148,662.0,7.585,,0.0,16,gps,,,,-43.0,,,,38,
2018-05-31T13:32:00.000Z,43.319393,76.958143,661.0,7.585,,0.0,15,gps,0.7,0.8,1.1,-43.0,,,,38,
2018-05-31T13:32:01.000Z,43.319394,76.958136,661.0,6.068,,0.0,15,gps,,,,-43.0,,,,38,
2018-05-31T13:32:03.000Z,43.319403,76.958124,661.0,6.068,,0.0,15,gps,,,,-43.0,,,,38,
2018-05-31T13:32:05.000Z,43.319407,76.958123,660.0,6.068,,0.0,15,gps,,,,-43.0,,,,38,
2018-05-31T13:32:06.000Z,43.319409,76.958123,660.0,6.068,,0.0,15,gps,,,,-43.0,,,,38,
2018-05-31T13:32:08.000Z,43.319409,76.958125,659.0,6.068,,0.0,13,gps,0.8,0.8,1.1,-43.0,,,,38,
2018-05-31T13:32:10.000Z,43.319409,76.958125,659.0,6.068,,0.0,14,gps,0.7,0.7,1.0,-43.0,,,,38,
2018-05-31T13:32:12.000Z,43.319410,76.958124,659.0,6.068,,0.0,13,gps,0.8,0.7,1.1,-43.0,,,,38,
2018-05-31T13:32:13.000Z,43.319410,76.958124,659.0,6.068,,0.0,13,gps,0.7,0.7,1.0,-43.0,,,,38,
2018-05-31T13:32:15.000Z,43.319410,76.958124,659.0,4.5509996,,0.0,14,gps,0.7,0.7,1.0,-43.0,,,,38,
2018-05-31T13:32:16.000Z,43.319410,76.958124,659.0,4.5509996,,0.0,14,gps,,,,-43.0,,,,38,
2018-05-31T13:32:18.000Z,43.319410,76.958124,659.0,4.5509996,,0.0,14,gps,0.7,0.7,1.0,-43.0,,,,38,
2018-05-31T13:32:19.000Z,43.319410,76.958124,659.0,4.5509996,,0.0,14,gps,,,,-43.0,,,,38,
2018-05-31T13:32:21.000Z,43.319410,76.958124,659.0,4.5509996,,0.0,14,gps,0.7,0.7,1.0,-43.0,,,,38,
2018-05-31T13:32:23.000Z,43.319410,76.958124,659.0,4.5509996,,0.0,14,gps,0.7,0.7,1.0,-43.0,,,,38,
2018-05-31T13:32:25.000Z,43.319410,76.958124,659.0,4.5509996,,0.0,14,gps,0.7,0.7,1.0,-43.0,,,,38,
2018-05-31T13:32:27.000Z,43.319410,76.958123,659.0,6.068,,0.0,13,gps,0.8,0.7,1.1,-43.0,,,,38,
2018-05-31T13:32:28.000Z,43.319410,76.958123,659.0,6.068,,0.0,13,gps,0.7,0.7,1.0,-43.0,,,,38,
2018-05-31T13:32:30.000Z,43.319410,76.958123,659.0,6.068,,0.0,14,gps,0.7,0.7,1.0,-43.0,,,,38,
2018-05-31T13:32:32.000Z,43.319410,76.958123,659.0,4.5509996,,0.0,14,gps,0.7,0.7,1.0,-43.0,,,,38,
2018-05-31T13:32:34.000Z,43.319420,76.958130,658.0,6.068,20.1,0.69,15,gps,0.7,0.7,1.0,-43.0,,,,38,
2018-05-31T13:32:36.000Z,43.319456,76.958123,657.0,6.068,4.7,1.43,14,gps,0.6,0.7,0.9,-43.0,,,,38,
2018-05-31T13:32:38.000Z,43.319486,76.958117,655.0,6.068,2.6,1.31,16,gps,0.6,0.7,0.9,-43.0,,,,38,
2018-05-31T13:32:40.000Z,43.319500,76.958129,656.0,6.068,11.0,1.01,16,gps,0.6,0.7,0.9,-43.0,,,,38,
2018-05-31T13:32:42.000Z,43.319510,76.958131,656.0,6.068,72.6,0.22,16,gps,0.7,0.7,1.0,-43.0,,,,38,
2018-05-31T13:32:44.000Z,43.319527,76.958114,654.0,4.5509996,,0.0,14,gps,0.7,0.7,1.1,-43.0,,,,38,
2018-05-31T13:32:46.000Z,43.319540,76.958100,653.0,4.5509996,,0.0,14,gps,0.8,0.8,1.1,-43.0,,,,38,
2018-05-31T13:32:48.000Z,43.319550,76.958091,652.0,4.5509996,,0.0,12,gps,0.8,0.7,1.1,-43.0,,,,38,
2018-05-31T13:32:50.000Z,43.319550,76.958090,652.0,6.068,,0.0,13,gps,0.8,0.7,1.1,-43.0,,,,38,
2018-05-31T13:32:52.000Z,43.319548,76.958092,653.0,6.068,,0.0,13,gps,0.8,0.7,1.1,-43.0,,,,38,
2018-05-31T13:32:54.000Z,43.319548,76.958092,653.0,7.585,,0.0,13,gps,0.8,0.8,1.1,-43.0,,,,38,
2018-05-31T13:32:55.000Z,43.319548,76.958091,654.0,7.585,,0.0,12,gps,0.8,0.8,1.1,-43.0,,,,38,
2018-05-31T13:32:57.000Z,43.319548,76.958091,654.0,7.585,,0.0,12,gps,0.8,0.8,1.1,-43.0,,,,38,
2018-05-31T13:32:59.000Z,43.319537,76.958144,655.0,6.068,87.3,0.87,12,gps,0.9,0.8,1.2,-43.0,,,,38,
2018-05-31T13:33:01.000Z,43.319553,76.958099,653.0,6.068,,0.0,12,gps,0.8,0.8,1.1,-43.0,,,,38,
2018-05-31T13:33:03.000Z,43.319551,76.958106,653.0,4.5509996,,0.0,13,gps,0.8,0.8,1.1,-43.0,,,,38,
2018-05-31T13:33:05.000Z,43.319560,76.958099,652.0,4.5509996,,0.0,13,gps,0.7,0.7,1.1,-43.0,,,,38,
2018-05-31T13:33:07.000Z,43.319556,76.958098,652.0,4.5509996,,0.0,14,gps,0.7,0.7,1.1,-43.0,,,,38,
2018-05-31T13:33:09.000Z,43.319554,76.958098,651.0,6.068,34.7,0.34,14,gps,0.7,0.7,1.1,-43.0,,,,38,
2018-05-31T13:33:11.000Z,43.319568,76.958091,650.0,6.068,20.7,0.34,14,gps,0.7,0.7,1.1,-43.0,,,,38,
2018-05-31T13:33:13.000Z,43.319581,76.958078,648.0,4.5509996,,0.0,14,gps,0.7,0.7,1.1,-43.0,,,,38,
2018-05-31T13:33:15.000Z,43.319591,76.958068,647.0,4.5509996,,0.0,16,gps,0.7,0.7,1.0,-43.0,,,,38,
2018-05-31T13:33:17.000Z,43.319596,76.958059,646.0,4.5509996,,0.0,16,gps,0.7,0.7,1.0,-43.0,,,,38,
2018-05-31T13:33:19.000Z,43.319614,76.958051,644.0,4.5509996,20.3,0.31,16,gps,0.7,0.7,1.0,-43.0,,,,38,
2018-05-31T13:33:21.000Z,43.319630,76.958051,643.0,4.5509996,6.2,0.55,15,gps,0.7,0.7,1.0,-43.0,,,,38,
2018-05-31T13:33:23.000Z,43.319649,76.958043,644.0,4.5509996,18.3,1.38,16,gps,0.7,0.7,1.0,-43.0,,,,38,
2018-05-31T13:33:25.000Z,43.319681,76.958066,645.0,6.068,5.6,2.15,16,gps,0.7,0.7,1.0,-43.0,,,,38,
2018-05-31T13:33:27.000Z,43.319729,76.958063,645.0,6.068,11.9,2.08,17,gps,0.6,0.7,0.9,-43.0,,,,38,
2018-05-31T13:33:29.000Z,43.319780,76.958063,645.0,6.068,10.4,2.46,16,gps,0.6,0.7,0.9,-43.0,,,,38,
2018-05-31T13:33:31.000Z,43.319817,76.958090,646.0,4.5509996,11.7,2.46,16,gps,0.6,0.7,0.9,-43.0,,,,38,
2018-05-31T13:33:33.000Z,43.319874,76.958104,645.0,4.5509996,8.9,3.24,17,gps,0.6,0.7,0.9,-43.0,,,,38,
2018-05-31T13:33:35.000Z,43.319937,76.958122,646.0,4.5509996,11.9,3.65,17,gps,0.6,0.7,0.9,-43.0,,,,38,
2018-05-31T13:33:37.000Z,43.319996,76.958133,647.0,4.5509996,9.2,3.18,17,gps,0.6,0.7,0.9,-43.0,,,,38,
2018-05-31T13:33:39.000Z,43.320054,76.958148,647.0,4.5509996,0.8,3.47,16,gps,0.7,0.7,1.0,-43.0,,,,38,
2018-05-31T13:33:41.000Z,43.320088,76.958195,648.0,6.068,13.1,2.8,15,gps,0.6,0.7,0.9,-43.0,,,,38,
2018-05-31T13:33:43.000Z,43.320125,76.958223,649.0,6.068,16.1,2.47,16,gps,,,,-43.0,,,,38,
2018-05-31T13:33:45.000Z,43.320170,76.958223,648.0,6.068,11.1,2.38,16,gps,0.6,0.7,0.9,-43.0,,,,38,
2018-05-31T13:33:47.000Z,43.320216,76.958228,648.0,7.585,10.0,2.38,15,gps,0.7,0.7,1.1,-43.0,,,,38,
2018-05-31T13:33:49.000Z,43.320250,76.958249,648.0,6.068,11.2,2.58,14,gps,0.7,0.7,1.1,-43.0,,,,37,
2018-05-31T13:33:51.000Z,43.320292,76.958259,648.0,6.068,13.7,2.46,14,gps,0.7,0.7,1.1,-43.0,,,,37,
2018-05-31T13:33:53.000Z,43.320324,76.958285,649.0,6.068,20.4,2.29,14,gps,0.7,0.7,1.0,-43.0,,,,37,
2018-05-31T13:33:55.000Z,43.320348,76.958296,649.0,4.5509996,11.5,1.0,15,gps,0.7,0.7,1.0,-43.0,,,,37,
2018-05-31T13:33:57.000Z,43.320368,76.958295,648.0,4.5509996,11.4,0.74,17,gps,0.6,0.7,0.9,-43.0,,,,37,
2018-05-31T13:33:59.000Z,43.320372,76.958312,649.0,4.5509996,11.5,0.58,17,gps,0.6,0.7,0.9,-43.0,,,,37,
2018-05-31T13:34:01.000Z,43.320370,76.958327,649.0,4.5509996,11.5,0.24,17,gps,0.6,0.7,0.9,-43.0,,,,37,
2018-05-31T13:34:03.000Z,43.320370,76.958317,649.0,4.5509996,,0.0,15,gps,0.7,0.7,1.0,-43.0,,,,37,
2018-05-31T13:34:04.000Z,43.320371,76.958315,648.0,4.5509996,,0.0,15,gps,0.8,0.8,1.1,-43.0,,,,37,
2018-05-31T13:34:06.000Z,43.320373,76.958311,648.0,6.068,,0.0,13,gps,0.8,0.8,1.1,-43.0,,,,37,
2018-05-31T13:34:08.000Z,43.320371,76.958306,649.0,6.068,,0.0,13,gps,0.8,0.8,1.1,-43.0,,,,37,
2018-05-31T13:34:10.000Z,43.320374,76.958292,649.0,6.068,,0.0,11,gps,0.8,0.8,1.1,-43.0,,,,37,
2018-05-31T13:34:12.000Z,43.320361,76.958319,651.0,6.068,,0.0,11,gps,0.8,0.8,1.1,-43.0,,,,37,
2018-05-31T13:34:14.000Z,43.320360,76.958321,651.0,6.068,,0.0,13,gps,0.7,0.7,1.0,-43.0,,,,37,
2018-05-31T13:34:15.000Z,43.320363,76.958320,651.0,6.068,,0.0,14,gps,0.7,0.7,1.0,-43.0,,,,37,
2018-05-31T13:34:17.000Z,43.320369,76.958307,651.0,4.5509996,,0.0,14,gps,0.7,0.7,1.0,-43.0,,,,37,
2018-05-31T13:34:19.000Z,43.320379,76.958286,650.0,4.5509996,,0.0,14,gps,0.8,0.8,1.1,-43.0,,,,37,
2018-05-31T13:34:21.000Z,43.320379,76.958290,651.0,4.5509996,,0.0,13,gps,0.8,0.8,1.1,-43.0,,,,37,
2018-05-31T13:34:23.000Z,43.320381,76.958291,651.0,4.5509996,,0.0,14,gps,0.7,0.7,1.0,-43.0,,,,37,
2018-05-31T13:34:25.000Z,43.320381,76.958292,651.0,4.5509996,,0.0,14,gps,0.7,0.7,1.0,-43.0,,,,37,
2018-05-31T13:34:27.000Z,43.320381,76.958292,651.0,4.5509996,,0.0,15,gps,0.7,0.7,1.0,-43.0,,,,37,
2018-05-31T13:34:29.000Z,43.320381,76.958292,651.0,6.068,,0.0,15,gps,0.7,0.7,1.0,-43.0,,,,37,
2018-05-31T13:34:31.000Z,43.320381,76.958292,651.0,6.068,,0.0,15,gps,0.7,0.7,1.0,-43.0,,,,37,
2018-05-31T13:34:33.000Z,43.320381,76.958292,651.0,6.068,,0.0,13,gps,0.8,0.8,1.1,-43.0,,,,37,
2018-05-31T13:34:34.000Z,43.320381,76.958292,651.0,6.068,,0.0,13,gps,0.8,0.8,1.1,-43.0,,,,37,
2018-05-31T13:34:35.000Z,43.320381,76.958292,651.0,6.068,,0.0,13,gps,,,,-43.0,,,,37,
2018-05-31T13:34:37.000Z,43.320380,76.958294,651.0,6.068,,0.0,13,gps,0.8,0.8,1.1,-43.0,,,,37,
2018-05-31T13:34:39.000Z,43.320380,76.958294,651.0,4.5509996,,0.0,15,gps,0.7,0.7,1.0,-43.0,,,,37,
2018-05-31T13:34:41.000Z,43.320380,76.958294,651.0,4.5509996,,0.0,15,gps,0.7,0.7,1.0,-43.0,,,,37,
2018-05-31T13:34:43.000Z,43.320380,76.958294,651.0,6.068,,0.0,15,gps,0.7,0.7,1.0,-43.0,,,,37,
2018-05-31T13:34:45.000Z,43.320380,76.958295,651.0,7.585,,0.0,12,gps,0.8,0.8,1.1,-43.0,,,,37,
2018-05-31T13:34:47.000Z,43.320380,76.958295,651.0,9.101999,,0.0,12,gps,0.8,0.8,1.1,-43.0,,,,37,
2018-05-31T13:34:49.000Z,43.320380,76.958295,651.0,10.6189995,,0.0,12,gps,0.8,0.8,1.1,-43.0,,,,37,
2018-05-31T13:34:50.000Z,43.320380,76.958296,651.0,10.6189995,,0.0,12,gps,0.8,0.8,1.1,-43.0,,,,37,
2018-05-31T13:34:52.000Z,43.320380,76.958296,651.0,12.136,,0.0,12,gps,0.8,0.8,1.1,-43.0,,,,37,
2018-05-31T13:34:54.000Z,43.320380,76.958296,651.0,10.6189995,,0.0,12,gps,0.8,0.8,1.1,-43.0,,,,37,
2018-05-31T13:34:55.000Z,43.320380,76.958297,651.0,10.6189995,,0.0,14,gps,0.7,0.7,1.0,-43.0,,,,37,
2018-05-31T13:34:57.000Z,43.320380,76.958297,651.0,9.101999,,0.0,14,gps,0.7,0.7,1.0,-43.0,,,,37,
2018-05-31T13:34:59.000Z,43.320380,76.958297,651.0,9.101999,,0.0,14,gps,0.7,0.7,1.0,-43.0,,,,37,
2018-05-31T13:35:01.000Z,43.320380,76.958298,651.0,9.101999,,0.0,14,gps,0.8,0.7,1.1,-43.0,,,,37,
2018-05-31T13:35:02.000Z,43.320380,76.958298,651.0,9.101999,,0.0,13,gps,0.9,0.8,1.2,-43.0,,,,37,
2018-05-31T13:35:04.000Z,43.320380,76.958299,651.0,7.585,,0.0,11,gps,0.8,0.8,1.1,-43.0,,,,37,
2018-05-31T13:35:06.000Z,43.320379,76.958299,651.0,7.585,,0.0,13,gps,0.8,0.8,1.1,-43.0,,,,37,
2018-05-31T13:35:08.000Z,43.320379,76.958299,651.0,7.585,,0.0,13,gps,0.8,0.8,1.1,-43.0,,,,37,
2018-05-31T13:35:10.000Z,43.320379,76.958299,651.0,6.068,,0.0,14,gps,0.7,0.7,1.0,-43.0,,,,37,
2018-05-31T13:35:11.000Z,43.320379,76.958300,651.0,6.068,,0.0,14,gps,0.7,0.7,1.0,-43.0,,,,37,
2018-05-31T13:35:13.000Z,43.320379,76.958300,651.0,6.068,,0.0,15,gps,0.7,0.7,1.0,-43.0,,,,37,
2018-05-31T13:35:15.000Z,43.320387,76.958303,652.0,6.068,,0.0,14,gps,0.7,0.7,1.0,-43.0,,,,37,
2018-05-31T13:35:17.000Z,43.320389,76.958302,651.0,4.5509996,,0.0,14,gps,0.7,0.7,1.0,-43.0,,,,37,
2018-05-31T13:35:19.000Z,43.320380,76.958305,652.0,4.5509996,,0.0,14,gps,0.8,0.8,1.1,-43.0,,,,37,
2018-05-31T13:35:20.000Z,43.320393,76.958306,652.0,4.5509996,8.2,0.94,13,gps,0.8,0.8,1.1,-43.0,,,,37,
2018-05-31T13:35:22.000Z,43.320432,76.958320,652.0,4.5509996,19.3,2.03,16,gps,0.7,0.7,1.0,-43.0,,,,37,
2018-05-31T13:35:23.000Z,43.320453,76.958333,652.0,4.5509996,15.3,2.52,16,gps,0.7,0.7,1.0,-43.0,,,,37,
2018-05-31T13:35:24.000Z,43.320486,76.958341,651.0,4.5509996,14.4,2.88,16,gps,,,,-43.0,,,,37,
2018-05-31T13:35:26.000Z,43.320554,76.958360,651.0,4.5509996,0.1,3.63,16,gps,0.7,0.7,1.0,-43.0,,,,37,
2018-05-31T13:35:28.000Z,43.320638,76.958380,650.0,6.068,10.6,5.0,15,gps,0.7,0.7,1.0,-43.0,,,,37,
2018-05-31T13:35:30.000Z,43.320734,76.958429,650.0,6.068,17.0,6.02,16,gps,0.7,0.7,1.0,-43.0,,,,37,
2018-05-31T13:35:32.000Z,43.320856,76.958466,650.0,6.068,12.0,6.82,16,gps,0.7,0.7,1.0,-43.0,,,,37,
2018-05-31T13:35:34.000Z,43.320998,76.958516,651.0,4.5509996,16.2,7.88,15,gps,0.7,0.7,1.0,-43.0,,,,37,
2018-05-31T13:35:36.000Z,43.321132,76.958560,649.0,6.068,14.2,7.95,15,gps,0.7,0.7,1.0,-43.0,,,,37,
2018-05-31T13:35:38.000Z,43.321291,76.958622,648.0,12.136,15.8,8.76,15,gps,0.7,0.7,1.0,-43.0,,,,37,
2018-05-31T13:35:40.000Z,43.321473,76.958692,648.0,12.136,15.7,8.88,15,gps,0.7,0.7,1.0,-43.0,,,,37,
2018-05-31T13:35:42.000Z,43.321601,76.958706,647.0,9.101999,12.7,6.64,15,gps,0.7,0.7,1.0,-43.0,,,,37,
2018-05-31T13:35:44.000Z,43.321687,76.958721,648.0,9.101999,11.8,4.81,15,gps,0.7,0.7,1.0,-43.0,,,,37,
2018-05-31T13:35:46.000Z,43.321760,76.958748,648.0,10.6189995,8.9,3.7,15,gps,0.7,0.7,1.0,-43.0,,,,37,
2018-05-31T13:35:48.000Z,43.321789,76.958773,650.0,12.136,22.9,1.67,14,gps,0.8,0.8,1.1,-43.0,,,,36,
2018-05-31T13:35:50.000Z,43.321791,76.958824,652.0,9.101999,14.2,0.2,13,gps,0.7,0.8,1.1,-43.0,,,,36,
2018-05-31T13:35:52.000Z,43.321811,76.958828,651.0,9.101999,2.7,0.93,15,gps,0.7,0.7,1.0,-43.0,,,,36,
2018-05-31T13:35:54.000Z,43.321845,76.958793,649.0,6.068,2.4,1.03,15,gps,0.7,0.7,1.0,-43.0,,,,36,
2018-05-31T13:35:56.000Z,43.321854,76.958796,649.0,6.068,13.3,0.33,16,gps,0.7,0.7,1.0,-43.0,,,,36,
2018-05-31T13:35:58.000Z,43.321847,76.958807,649.0,6.068,,0.0,17,gps,0.6,0.7,0.9,-43.0,,,,36,
2018-05-31T13:36:00.000Z,43.321873,76.958784,649.0,4.5509996,356.8,1.12,17,gps,0.6,0.7,0.9,-43.0,,,,36,
2018-05-31T13:36:02.000Z,43.321913,76.958800,647.0,4.5509996,8.2,2.17,17,gps,0.6,0.7,0.9,-43.0,,,,36,
2018-05-31T13:36:04.000Z,43.321948,76.958804,649.0,6.068,7.1,1.88,17,gps,0.6,0.7,0.9,-43.0,,,,36,
2018-05-31T13:36:06.000Z,43.321995,76.958810,649.0,7.585,9.5,2.14,17,gps,0.6,0.7,0.9,-43.0,,,,36,
2018-05-31T13:36:08.000Z,43.322012,76.958832,649.0,7.585,7.2,0.58,17,gps,0.6,0.7,0.9,-43.0,,,,36,
2018-05-31T13:36:10.000Z,43.322016,76.958827,651.0,7.585,,0.0,17,gps,0.6,0.7,0.9,-43.0,,,,36,
2018-05-31T13:36:12.000Z,43.322022,76.958823,650.0,6.068,,0.0,17,gps,0.6,0.7,0.9,-43.0,,,,36,
2018-05-31T13:36:13.000Z,43.322026,76.958827,650.0,6.068,,0.0,17,gps,0.6,0.7,0.9,-43.0,,,,36,
2018-05-31T13:36:15.000Z,43.322029,76.958821,651.0,6.068,,0.0,17,gps,0.6,0.7,0.9,-43.0,,,,36,
2018-05-31T13:36:17.000Z,43.322035,76.958827,651.0,6.068,6.8,0.19,17,gps,0.6,0.7,0.9,-43.0,,,,36,
2018-05-31T13:36:19.000Z,43.322037,76.958829,651.0,6.068,,0.0,17,gps,0.6,0.7,0.9,-43.0,,,,36,
2018-05-31T13:36:21.000Z,43.322038,76.958823,653.0,6.068,,0.0,17,gps,0.6,0.7,0.9,-43.0,,,,36,
2018-05-31T13:36:23.000Z,43.322041,76.958820,653.0,6.068,,0.0,17,gps,0.6,0.7,0.9,-43.0,,,,36,
2018-05-31T13:36:25.000Z,43.322046,76.958819,652.0,6.068,,0.0,17,gps,0.6,0.7,0.9,-43.0,,,,36,
2018-05-31T13:36:27.000Z,43.322051,76.958819,652.0,6.068,,0.0,17,gps,0.6,0.7,0.9,-43.0,,,,36,
2018-05-31T13:36:28.000Z,43.322055,76.958821,652.0,6.068,,0.0,17,gps,0.6,0.7,0.9,-43.0,,,,36,
2018-05-31T13:36:30.000Z,43.322062,76.958826,652.0,6.068,,0.0,17,gps,0.6,0.7,0.9,-43.0,,,,36,
2018-05-31T13:36:32.000Z,43.322063,76.958828,652.0,6.068,6.8,0.15,17,gps,0.6,0.7,0.9,-43.0,,,,36,
2018-05-31T13:36:34.000Z,43.322075,76.958835,652.0,6.068,,0.0,17,gps,0.6,0.7,0.9,-43.0,,,,36,
2018-05-31T13:36:35.000Z,43.322076,76.958838,653.0,6.068,,0.0,17,gps,0.6,0.7,0.9,-43.0,,,,36,
2018-05-31T13:36:37.000Z,43.322107,76.958839,654.0,6.068,1.3,0.89,17,gps,0.6,0.7,0.9,-43.0,,,,36,
2018-05-31T13:36:39.000Z,43.322112,76.958842,654.0,4.5509996,,0.0,17,gps,0.6,0.7,0.9,-43.0,,,,36,
2018-05-31T13:36:41.000Z,43.322115,76.958841,652.0,6.068,,0.0,17,gps,0.6,0.7,0.9,-43.0,,,,36,
2018-05-31T13:36:43.000Z,43.322114,76.958841,652.0,6.068,,0.0,17,gps,0.6,0.7,0.9,-43.0,,,,36,
2018-05-31T13:36:45.000Z,43.322113,76.958844,652.0,6.068,,0.0,16,gps,0.7,0.7,1.0,-43.0,,,,36,
2018-05-31T13:36:47.000Z,43.322114,76.958843,652.0,7.585,,0.0,15,gps,0.7,0.7,1.0,-43.0,,,,36,
2018-05-31T13:36:48.000Z,43.322113,76.958841,652.0,7.585,,0.0,15,gps,0.7,0.7,1.0,-43.0,,,,36,
2018-05-31T13:36:50.000Z,43.322112,76.958840,652.0,7.585,,0.0,15,gps,0.7,0.7,1.0,-43.0,,,,36,
2018-05-31T13:36:52.000Z,43.322112,76.958840,652.0,6.068,,0.0,16,gps,0.6,0.7,1.0,-43.0,,,,36,
2018-05-31T13:36:54.000Z,43.322112,76.958840,652.0,9.101999,,0.0,15,gps,0.6,0.7,1.0,-43.0,,,,36,
2018-05-31T13:36:56.000Z,43.322112,76.958840,652.0,9.101999,,0.0,16,gps,0.6,0.7,0.9,-43.0,,,,36,
2018-05-31T13:36:58.000Z,43.322112,76.958840,652.0,9.101999,,0.0,15,gps,0.7,0.7,1.0,-43.0,,,,36,
2018-05-31T13:37:00.000Z,43.322121,76.958840,651.0,7.585,156.8,0.16,15,gps,0.7,0.7,1.0,-43.0,,,,36,
2018-05-31T13:37:02.000Z,43.322134,76.958836,652.0,7.585,,0.0,15,gps,0.7,0.7,1.0,-43.0,,,,36,
2018-05-31T13:37:04.000Z,43.322157,76.958825,653.0,6.068,,0.0,15,gps,0.6,0.7,0.9,-43.0,,,,36,
2018-05-31T13:37:06.000Z,43.322175,76.958821,654.0,7.585,,0.0,16,gps,0.6,0.7,0.9,-43.0,,,,36,
2018-05-31T13:37:08.000Z,43.322190,76.958813,654.0,7.585,350.4,0.25,16,gps,0.7,0.7,0.9,-43.0,,,,36,
2018-05-31T13:37:10.000Z,43.322207,76.958816,655.0,9.101999,357.8,0.56,15,gps,0.8,0.7,1.1,-43.0,,,,36,
2018-05-31T13:37:12.000Z,43.322221,76.958800,654.0,7.585,,0.0,14,gps,0.7,0.7,1.0,-43.0,,,,36,
2018-05-31T13:37:14.000Z,43.322214,76.958825,653.0,7.585,9.5,0.44,14,gps,0.7,0.7,1.0,-43.0,,,,36,
2018-05-31T13:37:15.000Z,43.322232,76.958836,652.0,6.068,,0.0,15,gps,0.7,0.7,1.0,-43.0,,,,36,
2018-05-31T13:37:17.000Z,43.322239,76.958827,653.0,7.585,331.1,0.54,16,gps,0.7,0.7,1.0,-43.0,,,,36,
2018-05-31T13:37:18.000Z,43.322240,76.958833,652.0,7.585,3.7,0.52,16,gps,0.7,0.7,1.0,-43.0,,,,36,
2018-05-31T13:37:20.000Z,43.322252,76.958833,653.0,9.101999,13.4,0.73,16,gps,0.7,0.7,1.0,-43.0,,,,36,
2018-05-31T13:37:22.000Z,43.322264,76.958843,654.0,7.585,8.2,0.68,16,gps,0.7,0.7,1.0,-43.0,,,,36,
2018-05-31T13:37:24.000Z,43.322262,76.958841,654.0,6.068,5.3,0.97,16,gps,0.6,0.7,0.9,-43.0,,,,36,
2018-05-31T13:37:26.000Z,43.322265,76.958837,654.0,4.5509996,358.3,0.5,17,gps,0.6,0.7,0.9,-43.0,,,,36,
2018-05-31T13:37:28.000Z,43.322286,76.958838,653.0,4.5509996,14.1,0.5,17,gps,0.6,0.7,0.9,-43.0,,,,36,
2018-05-31T13:37:30.000Z,43.322329,76.958839,648.0,4.5509996,359.9,1.39,17,gps,0.6,0.7,0.9,-43.0,,,,36,
2018-05-31T13:37:32.000Z,43.322363,76.958833,648.0,6.068,1.4,1.71,17,gps,0.6,0.7,0.9,-43.0,,,,36,
2018-05-31T13:37:34.000Z,43.322400,76.958836,647.0,4.5509996,8.5,2.02,17,gps,0.6,0.7,0.9,-43.0,,,,36,
2018-05-31T13:37:36.000Z,43.322437,76.958842,647.0,4.5509996,3.2,2.24,17,gps,0.6,0.7,0.9,-43.0,,,,36,
2018-05-31T13:37:38.000Z,43.322471,76.958858,647.0,4.5509996,12.0,2.13,17,gps,0.6,0.7,0.9,-43.0,,,,36,
2018-05-31T13:37:40.000Z,43.322505,76.958862,647.0,6.068,12.0,1.83,17,gps,0.6,0.7,0.9,-43.0,,,,36,
2018-05-31T13:37:42.000Z,43.322551,76.958870,647.0,7.585,3.6,2.29,17,gps,0.6,0.7,0.9,-43.0,,,,36,
2018-05-31T13:37:44.000Z,43.322619,76.958874,647.0,6.068,4.7,3.2,17,gps,0.6,0.7,0.9,-43.0,,,,36,
2018-05-31T13:37:45.000Z,43.322652,76.958881,647.0,6.068,6.5,3.49,17,gps,0.6,0.7,0.9,-43.0,,,,36,
2018-05-31T13:37:47.000Z,43.322735,76.958881,646.0,6.068,4.0,4.28,17,gps,0.7,0.7,1.0,-43.0,,,,36,
2018-05-31T13:37:49.000Z,43.322829,76.958882,646.0,6.068,6.3,4.99,17,gps,0.6,0.7,0.9,-43.0,,,,36,
2018-05-31T13:37:51.000Z,43.322935,76.958885,645.0,6.068,4.9,5.49,17,gps,0.6,0.7,0.9,-43.0,,,,36,
2018-05-31T13:37:53.000Z,43.323016,76.958902,644.0,4.5509996,3.5,4.35,17,gps,0.6,0.7,0.9,-43.0,,,,36,
2018-05-31T13:37:55.000Z,43.323081,76.958921,644.0,4.5509996,5.5,3.56,17,gps,0.6,0.7,0.9,-43.0,,,,36,
2018-05-31T13:37:57.000Z,43.323112,76.958918,644.0,4.5509996,2.7,2.53,17,gps,0.6,0.7,0.9,-43.0,,,,36,
2018-05-31T13:37:59.000Z,43.323178,76.958938,645.0,4.5509996,6.4,3.45,17,gps,0.6,0.7,0.9,-43.0,,,,36,
2018-05-31T13:38:01.000Z,43.323251,76.958946,644.0,4.5509996,1.0,3.31,17,gps,0.6,0.7,0.9,-43.0,,,,36,
2018-05-31T13:38:03.000Z,43.323319,76.958956,645.0,4.5509996,3.7,3.76,17,gps,0.6,0.7,0.9,-43.0,,,,36,
2018-05-31T13:38:05.000Z,43.323406,76.958979,645.0,4.5509996,4.6,4.66,16,gps,0.6,0.7,0.9,-43.0,,,,36,
2018-05-31T13:38:07.000Z,43.323496,76.958994,645.0,6.068,7.3,4.88,17,gps,0.6,0.7,0.9,-43.0,,,,36,
2018-05-31T13:38:09.000Z,43.323615,76.959014,644.0,12.136,5.6,5.73,17,gps,0.6,0.7,0.9,-43.0,,,,36,
2018-05-31T13:38:11.000Z,43.323733,76.959029,643.0,9.101999,9.7,5.71,17,gps,0.7,0.7,1.0,-43.0,,,,36,
2018-05-31T13:38:13.000Z,43.323882,76.959035,644.0,6.068,2.5,7.22,16,gps,0.7,0.7,1.0,-43.0,,,,36,
2018-05-31T13:38:16.000Z,43.324065,76.959104,643.0,10.6189995,14.1,7.0,16,gps,0.7,0.7,1.0,-43.0,,,,36,
2018-05-31T13:38:18.000Z,43.324165,76.959116,642.0,7.585,9.0,5.47,16,gps,0.7,0.7,1.0,-43.0,,,,36,
2018-05-31T13:38:19.000Z,43.324198,76.959129,643.0,6.068,7.6,4.63,16,gps,0.7,0.7,1.0,-43.0,,,,36,
2018-05-31T13:38:21.000Z,43.324264,76.959154,642.0,6.068,7.5,2.91,16,gps,0.7,0.7,1.0,-43.0,,,,36,
2018-05-31T13:38:23.000Z,43.324288,76.959169,641.0,6.068,8.1,1.44,17,gps,0.6,0.7,0.9,-43.0,,,,36,
2018-05-31T13:38:25.000Z,43.324319,76.959159,642.0,7.585,8.0,1.44,17,gps,0.6,0.7,0.9,-43.0,,,,36,
2018-05-31T13:38:26.000Z,43.324339,76.959158,642.0,7.585,7.9,1.45,17,gps,0.6,0.7,0.9,-42.0,,,,36,
2018-05-31T13:38:28.000Z,43.324360,76.959184,642.0,7.585,7.3,1.21,17,gps,0.7,0.7,1.0,-42.0,,,,36,
2018-05-31T13:38:30.000Z,43.324378,76.959187,642.0,6.068,314.7,1.13,17,gps,0.6,0.7,0.9,-42.0,,,,36,
2018-05-31T13:38:32.000Z,43.324413,76.959192,644.0,6.068,315.3,1.67,17,gps,0.6,0.7,0.9,-42.0,,,,36,
2018-05-31T13:38:34.000Z,43.324458,76.959211,643.0,6.068,10.2,2.38,17,gps,0.6,0.7,0.9,-42.0,,,,36,
2018-05-31T13:38:36.000Z,43.324508,76.959234,644.0,9.101999,12.2,2.98,17,gps,0.6,0.7,0.9,-42.0,,,,36,
2018-05-31T13:38:37.000Z,43.324540,76.959233,643.0,9.101999,5.8,3.09,17,gps,0.7,0.7,1.0,-42.0,,,,36,
2018-05-31T13:38:39.000Z,43.324626,76.959235,645.0,7.585,7.5,3.68,14,gps,0.8,0.8,1.1,-42.0,,,,36,
2018-05-31T13:38:41.000Z,43.324680,76.959244,646.0,7.585,3.5,3.04,13,gps,0.8,0.8,1.1,-42.0,,,,36,
2018-05-31T13:38:42.000Z,43.324711,76.959238,647.0,7.585,2.7,2.25,13,gps,0.7,0.8,1.1,-42.0,,,,36,
2018-05-31T13:38:44.000Z,43.324750,76.959262,647.0,6.068,3.7,1.52,14,gps,0.7,0.8,1.1,-42.0,,,,36,
2018-05-31T13:38:45.000Z,43.324761,76.959256,647.0,6.068,3.3,1.02,14,gps,0.7,0.8,1.1,-42.0,,,,36,
2018-05-31T13:38:47.000Z,43.324791,76.959254,647.0,4.5509996,3.1,1.12,14,gps,0.7,0.7,1.0,-42.0,,,,36,
2018-05-31T13:38:49.000Z,43.324826,76.959255,646.0,4.5509996,355.2,1.62,15,gps,0.7,0.7,1.0,-42.0,,,,35,
2018-05-31T13:38:51.000Z,43.324886,76.959252,646.0,4.5509996,346.8,3.15,15,gps,0.7,0.7,1.0,-42.0,,,,35,
2018-05-31T13:38:53.000Z,43.324948,76.959275,644.0,6.068,15.6,3.88,15,gps,0.7,0.8,1.1,-42.0,,,,35,
2018-05-31T13:38:55.000Z,43.325029,76.959277,645.0,4.5509996,12.3,4.16,14,gps,0.7,0.8,1.1,-42.0,,,,35,
2018-05-31T13:38:57.000Z,43.325074,76.959304,646.0,6.068,10.7,2.82,14,gps,0.7,0.8,1.1,-42.0,,,,35,
2018-05-31T13:38:59.000Z,43.325092,76.959339,648.0,6.068,20.4,1.64,13,gps,0.7,0.7,1.0,-42.0,,,,35,
2018-05-31T13:39:01.000Z,43.325124,76.959325,648.0,4.5509996,2.1,1.63,14,gps,0.7,0.7,1.0,-42.0,,,,35,
2018-05-31T13:39:03.000Z,43.325183,76.959341,648.0,6.068,14.6,3.08,16,gps,0.7,0.7,1.0,-42.0,,,,35,
2018-05-31T13:39:05.000Z,43.325266,76.959352,647.0,6.068,11.7,4.09,16,gps,0.7,0.7,1.0,-42.0,,,,35,
2018-05-31T13:39:07.000Z,43.325347,76.959361,648.0,4.5509996,359.1,4.65,16,gps,0.7,0.7,1.0,-42.0,,,,35,
2018-05-31T13:39:09.000Z,43.325436,76.959370,648.0,6.068,5.1,5.08,16,gps,0.7,0.7,1.0,-42.0,,,,35,
2018-05-31T13:39:11.000Z,43.325541,76.959400,647.0,7.585,12.6,5.83,15,gps,0.7,0.7,1.0,-42.0,,,,35,
2018-05-31T13:39:48.228Z,43.326102,76.959322,649.0,19.720999,3.5,0.92,16,gps,0.6,0.7,0.9,-42.0,,,,35,
2018-05-31T13:39:50.000Z,43.326162,76.959367,651.0,19.720999,25.8,1.63,16,gps,0.6,0.7,1.0,-42.0,,,,35,
2018-05-31T13:39:52.000Z,43.326219,76.959460,650.0,10.6189995,30.4,2.44,16,gps,0.7,0.7,1.0,-42.0,,,,35,
2018-05-31T13:39:54.000Z,43.326285,76.959459,652.0,9.101999,8.8,3.48,16,gps,0.7,0.7,1.0,-42.0,,,,35,
2018-05-31T13:39:56.000Z,43.326374,76.959454,649.0,7.585,2.4,3.95,16,gps,0.7,0.7,1.0,-42.0,,,,35,
2018-05-31T13:39:58.000Z,43.326464,76.959490,649.0,6.068,357.6,4.09,16,gps,0.8,0.8,1.1,-42.0,,,,35,
2018-05-31T13:40:00.000Z,43.326495,76.959517,647.0,6.068,10.2,2.01,13,gps,0.8,0.8,1.1,-42.0,,,,35,
2018-05-31T13:40:02.000Z,43.326529,76.959521,646.0,6.068,7.6,1.82,13,gps,0.8,0.8,1.1,-42.0,,,,35,
2018-05-31T13:40:04.000Z,43.326585,76.959517,645.0,4.5509996,5.3,2.86,13,gps,0.8,0.8,1.1,-42.0,,,,35,
2018-05-31T13:40:06.000Z,43.326620,76.959523,645.0,4.5509996,351.1,2.0,14,gps,0.7,0.7,1.0,-42.0,,,,35,
2018-05-31T13:40:08.000Z,43.326622,76.959524,645.0,4.5509996,,0.0,14,gps,0.7,0.7,1.0,-42.0,,,,35,
2018-05-31T13:40:10.000Z,43.326635,76.959521,645.0,4.5509996,,0.0,14,gps,0.7,0.7,1.0,-42.0,,,,35,
2018-05-31T13:40:12.000Z,43.326640,76.959520,644.0,4.5509996,,0.0,15,gps,0.7,0.7,1.0,-42.0,,,,35,
2018-05-31T13:40:14.000Z,43.326648,76.959518,644.0,4.5509996,,0.0,15,gps,0.7,0.7,1.0,-42.0,,,,35,
2018-05-31T13:40:16.000Z,43.326651,76.959522,644.0,4.5509996,,0.0,15,gps,0.7,0.7,1.0,-42.0,,,,35,
2018-05-31T13:40:18.000Z,43.326651,76.959526,645.0,4.5509996,,0.0,15,gps,0.7,0.7,1.0,-42.0,,,,35,
2018-05-31T13:40:20.000Z,43.326651,76.959526,645.0,4.5509996,,0.0,15,gps,0.7,0.7,1.0,-42.0,,,,35,
2018-05-31T13:40:22.000Z,43.326655,76.959524,645.0,4.5509996,5.6,0.17,15,gps,,,,-42.0,,,,35,
2018-05-31T13:40:24.000Z,43.326661,76.959524,645.0,4.5509996,5.6,0.45,14,gps,0.7,0.8,1.1,-42.0,,,,35,
2018-05-31T13:40:25.000Z,43.326668,76.959529,645.0,4.5509996,9.2,1.08,14,gps,0.7,0.8,1.1,-42.0,,,,35,
2018-05-31T13:40:27.000Z,43.326718,76.959533,646.0,4.5509996,4.7,3.06,14,gps,0.8,0.8,1.1,-42.0,,,,35,
2018-05-31T13:40:29.000Z,43.326769,76.959539,647.0,4.5509996,2.9,2.18,14,gps,0.7,0.7,1.0,-42.0,,,,35,
2018-05-31T13:40:30.000Z,43.326785,76.959540,647.0,4.5509996,3.0,1.69,14,gps,0.7,0.7,1.0,-42.0,,,,35,
2018-05-31T13:40:32.000Z,43.326805,76.959539,648.0,4.5509996,3.1,1.28,14,gps,0.7,0.7,1.0,-42.0,,,,35,
2018-05-31T13:40:34.000Z,43.326808,76.959544,648.0,4.5509996,3.1,0.32,14,gps,0.7,0.7,1.0,-42.0,,,,35,
2018-05-31T13:40:36.000Z,43.326803,76.959543,647.0,6.068,,0.0,14,gps,0.8,0.8,1.1,-42.0,,,,35,
2018-05-31T13:40:38.000Z,43.326798,76.959551,648.0,4.5509996,,0.0,13,gps,0.8,0.8,1.1,-42.0,,,,35,
2018-05-31T13:40:40.000Z,43.326798,76.959550,649.0,6.068,3.1,0.24,13,gps,0.8,0.8,1.1,-42.0,,,,35,
2018-05-31T13:40:42.000Z,43.326802,76.959559,649.0,4.5509996,3.1,0.31,13,gps,0.8,0.8,1.1,-42.0,,,,35,
2018-05-31T13:40:44.000Z,43.326802,76.959560,650.0,6.068,,0.0,13,gps,0.8,0.8,1.1,-42.0,,,,35,
2018-05-31T13:40:45.000Z,43.326803,76.959559,650.0,6.068,,0.0,13,gps,0.8,0.8,1.1,-42.0,,,,35,
2018-05-31T13:40:47.000Z,43.326809,76.959560,650.0,6.068,,0.0,13,gps,0.8,0.8,1.1,-42.0,,,,35,
2018-05-31T13:40:49.000Z,43.326810,76.959560,650.0,6.068,,0.0,13,gps,0.8,0.8,1.1,-42.0,,,,35,
2018-05-31T13:40:51.000Z,43.326813,76.959567,650.0,6.068,,0.0,13,gps,0.8,0.8,1.1,-42.0,,,,35,
2018-05-31T13:40:53.000Z,43.326841,76.959575,649.0,6.068,7.0,1.4,13,gps,0.8,0.8,1.1,-42.0,,,,35,
2018-05-31T13:40:54.000Z,43.326853,76.959573,650.0,6.068,354.7,2.25,13,gps,0.8,0.8,1.1,-42.0,,,,35,
2018-05-31T13:40:56.000Z,43.326917,76.959588,650.0,7.585,5.4,3.21,13,gps,0.8,0.8,1.1,-42.0,,,,35,
2018-05-31T13:40:58.000Z,43.326983,76.959587,651.0,7.585,5.9,4.31,13,gps,0.8,0.8,1.1,-42.0,,,,35,
2018-05-31T13:40:59.000Z,43.327025,76.959593,650.0,7.585,7.4,4.68,13,gps,0.8,0.8,1.1,-42.0,,,,35,
2018-05-31T13:41:00.000Z,43.327085,76.959598,649.0,7.585,9.0,5.79,13,gps,0.8,0.8,1.1,-42.0,,,,35,
2018-05-31T13:41:02.000Z,43.327217,76.959611,648.0,7.585,7.0,6.41,13,gps,0.8,0.8,1.1,-42.0,,,,35,
2018-05-31T13:41:04.000Z,43.327339,76.959617,643.0,7.585,4.8,5.38,13,gps,0.8,0.8,1.1,-42.0,,,,35,
2018-05-31T13:41:06.000Z,43.327421,76.959632,644.0,6.068,5.5,4.8,13,gps,0.8,0.8,1.1,-42.0,,,,35,
2018-05-31T13:41:08.000Z,43.327504,76.959651,646.0,6.068,6.4,5.11,13,gps,0.7,0.8,1.1,-42.0,,,,35,
2018-05-31T13:41:10.000Z,43.327564,76.959667,648.0,4.5509996,7.4,3.92,14,gps,0.7,0.7,1.0,-42.0,,,,35,
2018-05-31T13:41:12.000Z,43.327579,76.959688,650.0,4.5509996,11.7,0.85,15,gps,0.7,0.7,1.0,-42.0,,,,35,
2018-05-31T13:41:13.000Z,43.327577,76.959691,651.0,4.5509996,,0.0,15,gps,0.7,0.7,1.0,-42.0,,,,35,
2018-05-31T13:41:15.000Z,43.327585,76.959695,651.0,4.5509996,12.5,0.35,15,gps,0.7,0.7,1.0,-42.0,,,,35,
2018-05-31T13:41:17.000Z,43.327608,76.959701,650.0,6.068,12.5,0.74,16,gps,0.7,0.7,1.0,-42.0,,,,35,
2018-05-31T13:41:19.000Z,43.327648,76.959704,651.0,4.5509996,12.2,2.27,16,gps,0.7,0.7,1.0,-42.0,,,,35,
2018-05-31T13:41:21.000Z,43.327707,76.959712,652.0,4.5509996,8.6,3.36,16,gps,0.7,0.7,1.0,-42.0,,,,35,
2018-05-31T13:41:23.000Z,43.327777,76.959721,653.0,6.068,6.4,3.98,15,gps,0.7,0.7,1.0,-42.0,,,,35,
2018-05-31T13:41:25.000Z,43.327866,76.959742,653.0,6.068,12.3,4.42,15,gps,0.7,0.7,1.0,-42.0,,,,35,
2018-05-31T13:41:27.000Z,43.327927,76.959754,653.0,6.068,5.5,3.27,14,gps,0.7,0.7,1.0,-42.0,,,,35,
2018-05-31T13:41:28.000Z,43.327948,76.959751,654.0,6.068,6.5,2.43,15,gps,0.7,0.7,1.0,-42.0,,,,35,
2018-05-31T13:41:30.000Z,43.328002,76.959762,652.0,4.5509996,5.9,2.78,16,gps,0.7,0.7,1.0,-42.0,,,,35,
2018-05-31T13:41:32.000Z,43.328054,76.959767,652.0,4.5509996,2.7,2.69,16,gps,0.7,0.7,1.0,-42.0,,,,35,
2018-05-31T13:41:34.000Z,43.328079,76.959765,653.0,4.5509996,4.1,1.33,15,gps,0.7,0.7,1.0,-42.0,,,,35,
2018-05-31T13:41:36.000Z,43.328129,76.959775,652.0,6.068,12.7,2.01,15,gps,0.7,0.7,1.0,-42.0,,,,35,
2018-05-31T13:41:38.000Z,43.328170,76.959783,652.0,7.585,9.0,2.45,15,gps,0.7,0.7,1.0,-42.0,,,,35,
2018-05-31T13:41:40.000Z,43.328289,76.959769,651.0,6.068,1.7,4.76,15,gps,0.7,0.7,1.0,-42.0,,,,35,
2018-05-31T13:41:41.000Z,43.328335,76.959776,651.0,7.585,3.0,4.85,13,gps,0.8,0.8,1.1,-42.0,,,,35,
2018-05-31T13:41:43.000Z,43.328436,76.959772,649.0,6.068,1.9,4.91,13,gps,0.7,0.7,1.0,-42.0,,,,35,
2018-05-31T13:43:43.123Z,43.333951,76.954306,629.0,21.237999,,0.0,15,gps,0.7,0.7,1.0,-42.0,,,,34,
2018-05-31T13:43:45.000Z,43.333947,76.954326,632.0,12.136,33.6,0.24,13,gps,0.8,0.8,1.1,-42.0,,,,34,
2018-05-31T13:43:47.000Z,43.333963,76.954320,636.0,9.101999,,0.0,12,gps,0.8,0.7,1.1,-42.0,,,,34,
2018-05-31T13:43:48.000Z,43.333962,76.954306,637.0,9.101999,,0.0,12,gps,0.8,0.7,1.1,-42.0,,,,34,
2018-05-31T13:43:49.000Z,43.333961,76.954296,637.0,10.6189995,,0.0,12,gps,0.8,0.7,1.1,-42.0,,,,34,
2018-05-31T13:43:51.000Z,43.333982,76.954273,640.0,10.6189995,,0.0,12,gps,,,,-42.0,,,,34,
2018-05-31T13:43:53.000Z,43.333983,76.954266,642.0,10.6189995,,0.0,12,gps,0.8,0.7,1.1,-42.0,,,,34,
2018-05-31T13:43:55.000Z,43.333987,76.954254,642.0,10.6189995,,0.0,13,gps,0.8,0.7,1.1,-42.0,,,,34,
2018-05-31T13:43:56.000Z,43.333994,76.954250,643.0,9.101999,,0.0,13,gps,0.8,0.7,1.1,-42.0,,,,34,
2018-05-31T13:43:58.000Z,43.333999,76.954249,643.0,7.585,,0.0,14,gps,0.7,0.7,1.0,-42.0,,,,34,
2018-05-31T13:44:00.000Z,43.334001,76.954249,643.0,6.068,,0.0,14,gps,0.7,0.7,1.0,-42.0,,,,34,
2018-05-31T13:44:02.000Z,43.334001,76.954248,643.0,6.068,,0.0,14,gps,0.7,0.7,1.0,-42.0,,,,34,
2018-05-31T13:44:04.000Z,43.334006,76.954226,644.0,6.068,289.2,0.92,13,gps,0.7,0.7,1.0,-42.0,,,,34,
2018-05-31T13:44:06.000Z,43.334038,76.954174,644.0,6.068,292.2,2.68,15,gps,0.7,0.7,1.0,-42.0,,,,34,
2018-05-31T13:44:07.000Z,43.334057,76.954135,644.0,7.585,296.8,3.45,15,gps,0.7,0.7,1.0,-42.0,,,,34,
2018-05-31T13:44:09.000Z,43.334106,76.954047,644.0,6.068,306.1,4.37,15,gps,0.7,0.7,1.0,-42.0,,,,34,
2018-05-31T13:44:11.000Z,43.334131,76.953982,642.0,6.068,317.9,3.07,17,gps,0.7,0.7,1.0,-42.0,,,,34,
2018-05-31T13:44:13.000Z,43.334151,76.953945,641.0,6.068,322.0,2.05,17,gps,0.7,0.7,1.0,-42.0,,,,34,
2018-05-31T13:44:14.000Z,43.334167,76.953923,641.0,6.068,325.7,2.38,17,gps,0.7,0.7,1.0,-42.0,,,,34,
2018-05-31T13:44:16.000Z,43.334219,76.953886,641.0,6.068,329.6,3.08,16,gps,0.7,0.7,1.0,-42.0,,,,34,
2018-05-31T13:44:18.000Z,43.334294,76.953826,640.0,6.068,333.0,5.11,16,gps,0.7,0.7,1.0,-42.0,,,,34,
2018-05-31T13:44:20.000Z,43.334410,76.953758,638.0,6.068,333.7,6.92,17,gps,0.7,0.7,1.0,-42.0,,,,34,
2018-05-31T13:44:22.000Z,43.334541,76.953671,639.0,9.101999,332.2,7.74,17,gps,0.7,0.7,1.0,-42.0,,,,34,
2018-05-31T13:44:24.000Z,43.334685,76.953590,640.0,7.585,333.1,8.69,17,gps,0.7,0.7,1.0,-42.0,,,,34,
2018-05-31T13:48:20.000Z,43.340753,76.948116,706.0,25.789,,0.0,0,gps,0.7,0.7,1.0,-42.0,,,,34,
2018-05-31T13:48:34.000Z,43.340831,76.948267,692.0,22.755,,0.0,0,gps,0.7,0.7,1.0,-42.0,,,,34,
2018-05-31T13:48:36.000Z,43.340849,76.948300,686.0,16.687,,0.0,14,gps,0.7,0.8,1.0,-42.0,,,,34,
2018-05-31T13:48:38.000Z,43.340849,76.948300,687.0,13.653,,0.0,14,gps,0.7,0.7,1.0,-42.0,,,,34,
2018-05-31T13:48:40.000Z,43.340854,76.948322,686.0,7.585,,0.0,16,gps,0.7,0.7,1.0,-42.0,,,,34,
2018-05-31T13:48:42.000Z,43.340866,76.948335,685.0,7.585,,0.0,17,gps,0.7,0.7,1.0,-42.0,,,,34,
2018-05-31T13:48:44.000Z,43.340863,76.948330,685.0,6.068,,0.0,17,gps,0.7,0.7,1.0,-42.0,,,,34,
2018-05-31T13:48:46.000Z,43.340862,76.948329,684.0,6.068,,0.0,17,gps,0.7,0.7,1.0,-42.0,,,,33,
2018-05-31T13:48:48.000Z,43.340862,76.948329,684.0,6.068,,0.0,17,gps,0.7,0.7,1.0,-42.0,,,,33,
2018-05-31T13:48:50.000Z,43.340862,76.948329,684.0,6.068,,0.0,14,gps,0.7,0.8,1.1,-42.0,,,,33,
2018-05-31T13:48:51.000Z,43.340862,76.948329,684.0,6.068,,0.0,14,gps,0.7,0.7,1.0,-42.0,,,,33,
2018-05-31T13:48:52.000Z,43.340862,76.948329,684.0,6.068,,0.0,16,gps,,,,-42.0,,,,33,
2018-05-31T13:48:54.000Z,43.340862,76.948329,684.0,4.5509996,,0.0,16,gps,0.7,0.7,1.0,-42.0,,,,33,
2018-05-31T13:48:56.000Z,43.340862,76.948329,684.0,6.068,,0.0,16,gps,0.7,0.7,1.0,-42.0,,,,33,
2018-05-31T13:48:58.000Z,43.340862,76.948328,684.0,6.068,,0.0,16,gps,0.7,0.7,1.0,-42.0,,,,33,
2018-05-31T13:49:00.000Z,43.340861,76.948328,683.0,6.068,,0.0,16,gps,0.7,0.8,1.0,-42.0,,,,33,
2018-05-31T13:49:02.000Z,43.340862,76.948328,683.0,6.068,,0.0,15,gps,0.7,0.8,1.0,-42.0,,,,33,
2018-05-31T13:49:04.000Z,43.340863,76.948324,681.0,7.585,293.1,0.32,15,gps,0.7,0.8,1.0,-42.0,,,,33,
2018-05-31T13:49:06.000Z,43.340863,76.948329,680.0,7.585,289.7,0.33,15,gps,0.7,0.8,1.0,-42.0,,,,33,
2018-05-31T13:49:08.000Z,43.340876,76.948306,679.0,7.585,290.1,0.74,15,gps,0.7,0.8,1.0,-42.0,,,,33,
2018-05-31T13:49:09.000Z,43.340883,76.948314,679.0,7.585,290.2,0.56,15,gps,0.7,0.7,1.0,-42.0,,,,33,
2018-05-31T13:49:11.000Z,43.340898,76.948299,678.0,7.585,290.5,0.54,17,gps,0.7,0.7,1.0,-42.0,,,,33,
2018-05-31T13:49:13.000Z,43.340910,76.948279,676.0,7.585,290.9,0.19,17,gps,0.7,0.7,1.0,-42.0,,,,33,
2018-05-31T13:49:15.000Z,43.340913,76.948285,675.0,7.585,,0.0,17,gps,0.7,0.7,1.0,-42.0,,,,33,
2018-05-31T13:49:17.000Z,43.340910,76.948295,674.0,7.585,,0.0,17,gps,0.7,0.7,1.0,-42.0,,,,33,
2018-05-31T13:49:19.000Z,43.340913,76.948298,673.0,7.585,,0.0,17,gps,0.7,0.7,1.0,-42.0,,,,33,
2018-05-31T13:49:21.000Z,43.340914,76.948295,673.0,6.068,,0.0,17,gps,0.7,0.7,1.0,-42.0,,,,33,
2018-05-31T13:49:23.000Z,43.340918,76.948280,674.0,7.585,291.2,0.59,17,gps,0.7,0.7,1.0,-42.0,,,,33,
2018-05-31T14:18:49.590Z,43.342222,76.915203,621.0,6.068,280.5,0.81,0,gps,0.7,0.7,1.0,-42.0,,,,32,
2018-05-31T14:18:52.000Z,43.342135,76.915030,624.0,6.068,,0.0,9,gps,1.0,1.6,1.9,-42.0,,,,32,
2018-05-31T14:18:54.000Z,43.342138,76.915005,627.0,6.068,,0.0,9,gps,0.9,0.8,1.3,-42.0,,,,32,
2018-05-31T14:18:55.000Z,43.342140,76.914996,631.0,4.5509996,,0.0,9,gps,0.9,0.8,1.3,-42.0,,,,32,
2018-05-31T14:18:57.000Z,43.342141,76.914987,632.0,4.5509996,,0.0,11,gps,0.8,0.8,1.1,-42.0,,,,32,
2018-05-31T14:18:59.000Z,43.342146,76.914984,634.0,4.5509996,,0.0,11,gps,0.9,0.8,1.2,-42.0,,,,32,
2018-05-31T14:19:01.000Z,43.342139,76.914971,632.0,4.5509996,,0.0,10,gps,0.9,0.8,1.2,-42.0,,,,32,
2018-05-31T14:19:03.000Z,43.342137,76.914968,632.0,4.5509996,,0.0,11,gps,,,,-42.0,,,,32,
2018-05-31T14:19:05.000Z,43.342137,76.914967,632.0,4.5509996,,0.0,11,gps,0.7,0.8,1.1,-42.0,,,,32,
2018-05-31T14:19:07.000Z,43.342137,76.914967,632.0,6.068,,0.0,11,gps,0.8,0.8,1.1,-42.0,,,,32,
2018-05-31T14:19:08.000Z,43.342137,76.914967,632.0,6.068,,0.0,11,gps,0.8,0.8,1.1,-42.0,,,,32,
2018-05-31T14:19:10.000Z,43.342137,76.914967,632.0,6.068,,0.0,11,gps,0.8,0.8,1.1,-42.0,,,,32,
2018-05-31T14:19:11.000Z,43.342137,76.914967,632.0,6.068,,0.0,11,gps,0.8,0.8,1.1,-42.0,,,,32,
2018-05-31T14:19:13.000Z,43.342137,76.914967,632.0,4.5509996,,0.0,11,gps,0.8,0.8,1.1,-42.0,,,,32,
2018-05-31T14:19:15.000Z,43.342137,76.914967,632.0,4.5509996,,0.0,11,gps,0.8,0.8,1.1,-42.0,,,,32,
2018-05-31T14:19:16.000Z,43.342137,76.914967,632.0,4.5509996,,0.0,11,gps,0.8,0.8,1.1,-42.0,,,,32,
2018-05-31T14:19:18.000Z,43.342137,76.914967,632.0,4.5509996,,0.0,11,gps,,,,-42.0,,,,32,
2018-05-31T14:19:19.000Z,43.342137,76.914967,632.0,4.5509996,,0.0,11,gps,0.8,0.8,1.1,-42.0,,,,32,
2018-05-31T14:19:21.000Z,43.342136,76.914967,632.0,4.5509996,,0.0,11,gps,0.8,0.8,1.1,-42.0,,,,32,
2018-05-31T14:19:23.000Z,43.342136,76.914967,632.0,4.5509996,,0.0,11,gps,0.7,0.8,1.1,-42.0,,,,32,
2018-05-31T14:19:25.000Z,43.342136,76.914967,632.0,4.5509996,,0.0,12,gps,0.7,0.8,1.1,-42.0,,,,32,
2018-05-31T14:19:27.000Z,43.342137,76.914967,632.0,4.5509996,,0.0,12,gps,0.7,0.8,1.1,-42.0,,,,32,
2018-05-31T14:19:29.000Z,43.342137,76.914967,632.0,4.5509996,,0.0,12,gps,0.7,0.8,1.1,-42.0,,,,32,
2018-05-31T14:19:31.000Z,43.342137,76.914967,632.0,4.5509996,,0.0,12,gps,,,,-42.0,,,,32,
2018-05-31T14:19:33.000Z,43.342137,76.914967,632.0,4.5509996,,0.0,12,gps,0.7,0.8,1.1,-42.0,,,,32,
2018-05-31T14:19:35.000Z,43.342137,76.914968,632.0,4.5509996,,0.0,12,gps,0.7,0.8,1.1,-42.0,,,,32,
2018-05-31T14:19:37.000Z,43.342137,76.914968,632.0,4.5509996,,0.0,12,gps,0.7,0.8,1.1,-42.0,,,,32,
2018-05-31T14:19:39.000Z,43.342137,76.914968,632.0,4.5509996,,0.0,12,gps,0.7,0.8,1.1,-42.0,,,,32,
2018-05-31T14:19:41.000Z,43.342137,76.914968,632.0,4.5509996,,0.0,12,gps,0.7,0.8,1.1,-42.0,,,,32,
2018-05-31T14:19:43.000Z,43.342137,76.914968,632.0,4.5509996,,0.0,12,gps,0.7,0.8,1.1,-42.0,,,,32,
2018-05-31T14:19:45.000Z,43.342137,76.914968,632.0,4.5509996,,0.0,12,gps,0.7,0.8,1.1,-42.0,,,,32,
2018-05-31T14:19:46.000Z,43.342137,76.914968,632.0,4.5509996,,0.0,12,gps,0.7,0.8,1.1,-42.0,,,,32,
2018-05-31T14:19:47.000Z,43.342137,76.914968,632.0,4.5509996,,0.0,12,gps,0.7,0.8,1.1,-42.0,,,,32,
2018-05-31T14:19:49.000Z,43.342137,76.914968,632.0,4.5509996,,0.0,12,gps,0.7,0.8,1.1,-42.0,,,,31,
2018-05-31T14:19:51.000Z,43.342137,76.914968,632.0,4.5509996,,0.0,13,gps,0.7,0.8,1.1,-42.0,,,,31,
2018-05-31T14:19:53.000Z,43.342137,76.914968,632.0,4.5509996,,0.0,13,gps,,,,-42.0,,,,31,
2018-05-31T14:19:54.000Z,43.342137,76.914968,632.0,4.5509996,,0.0,13,gps,0.7,0.8,1.1,-42.0,,,,31,
2018-05-31T14:19:56.000Z,43.342137,76.914968,632.0,4.5509996,,0.0,14,gps,0.7,0.8,1.1,-42.0,,,,31,
2018-05-31T14:19:58.000Z,43.342137,76.914968,632.0,4.5509996,,0.0,14,gps,0.7,0.7,1.0,-42.0,,,,31,
2018-05-31T14:19:59.000Z,43.342137,76.914968,632.0,4.5509996,,0.0,16,gps,,,,-42.0,,,,31,
2018-05-31T14:20:01.000Z,43.342137,76.914968,632.0,4.5509996,,0.0,15,gps,0.7,0.7,1.0,-42.0,,,,31,
2018-05-31T14:20:02.000Z,43.342137,76.914968,632.0,4.5509996,,0.0,14,gps,0.7,0.7,1.0,-42.0,,,,31,
2018-05-31T14:20:03.000Z,43.342137,76.914968,632.0,4.5509996,,0.0,14,gps,0.7,0.7,1.0,-42.0,,,,31,
2018-05-31T14:20:05.000Z,43.342137,76.914968,632.0,4.5509996,,0.0,14,gps,0.7,0.7,1.0,-42.0,,,,31,
2018-05-31T14:20:07.000Z,43.342137,76.914968,632.0,4.5509996,,0.0,14,gps,0.7,0.7,1.0,-42.0,,,,31,
2018-05-31T14:20:09.000Z,43.342137,76.914968,632.0,4.5509996,,0.0,14,gps,0.7,0.7,1.0,-42.0,,,,31,
2018-05-31T14:20:11.000Z,43.342137,76.914968,632.0,4.5509996,,0.0,11,gps,0.8,0.8,1.1,-42.0,,,,31,
2018-05-31T14:20:12.000Z,43.342137,76.914969,632.0,4.5509996,,0.0,12,gps,0.8,0.8,1.1,-42.0,,,,31,
2018-05-31T14:20:14.000Z,43.342137,76.914969,632.0,4.5509996,,0.0,13,gps,0.7,0.8,1.0,-42.0,,,,31,
